object,member,kind,signature,interface_gaps,status,evidence,note
Application,_Default,"property, read-only",As String,,MISSING,,
Application,_Evaluate,method,_Evaluate(Name As Variant) As Variant,,MISSING,,
Application,_Run2,method,"_Run2([Macro As Variant], [Arg1 As Variant], [Arg2 As Variant], [Arg3 As Variant], [Arg4 As Variant], [Arg5 As Variant], [Arg6 As Variant], [Arg7 As Variant], [Arg8 As Variant], [Arg9 As Variant], [Arg10 As Variant], [Arg11 As Variant], [Arg12 As Variant], [Arg13 As Variant], [Arg14 As Variant], [Arg15 As Variant], [Arg16 As Variant], [Arg17 As Variant], [Arg18 As Variant], [Arg19 As Variant], [Arg20 As Variant], [Arg21 As Variant], [Arg22 As Variant], [Arg23 As Variant], [Arg24 As Variant], [Arg25 As Variant], [Arg26 As Variant], [Arg27 As Variant], [Arg28 As Variant], [Arg29 As Variant], [Arg30 As Variant]) As Variant",,MISSING,,
Application,ActivateMicrosoftApp,method,ActivateMicrosoftApp(Index As XlMSApplication),,MISSING,,
Application,ActiveCell,"property, read-only",As Range,,UNASSESSED,,
Application,ActiveChart,"property, read-only",As Chart,,MISSING,,
Application,ActiveEncryptionSession,"property, read-only",As Long,,MISSING,,
Application,ActivePrinter,property,As String,,MISSING,,
Application,ActiveProtectedViewWindow,"property, read-only",As ProtectedViewWindow,,MISSING,,
Application,ActiveSheet,"property, read-only",As Object,,UNASSESSED,,
Application,ActiveWindow,"property, read-only",As Window,,VERIFIED,tests/fixtures/windows/windows.json,
Application,ActiveWorkbook,"property, read-only",As Workbook,,UNASSESSED,,
Application,AddCustomList,method,"AddCustomList(ListArray As Variant, [ByRow As Variant])",,MISSING,,
Application,AddIns,"property, read-only",As AddIns,,MISSING,,
Application,AddIns2,"property, read-only",As AddIns2,,MISSING,,
Application,AfterCalculate,event,AfterCalculate(),,MISSING,,
Application,AlertBeforeOverwriting,property,As Boolean,,MISSING,,
Application,AltStartupPath,property,As String,,MISSING,,
Application,AlwaysUseClearType,property,As Boolean,,MISSING,,
Application,Application,"property, read-only",As Application,,UNASSESSED,,
Application,ArbitraryXMLSupportAvailable,"property, read-only",As Boolean,,MISSING,,
Application,AskToUpdateLinks,property,As Boolean,,MISSING,,
Application,Assistance,"property, read-only",As IAssistance,,MISSING,,
Application,AutoCorrect,"property, read-only",As AutoCorrect,,MISSING,,
Application,AutoFormatAsYouTypeReplaceHyperlinks,property,As Boolean,,MISSING,,
Application,AutomationSecurity,property,As MsoAutomationSecurity,,MISSING,,
Application,AutoPercentEntry,property,As Boolean,,MISSING,,
Application,AutoRecover,"property, read-only",As AutoRecover,,MISSING,,
Application,Build,"property, read-only",As Long,,UNASSESSED,,
Application,Calculate,method,Calculate(),,UNASSESSED,,
Application,CalculateBeforeSave,property,As Boolean,,MISSING,,
Application,CalculateFull,method,CalculateFull(),,MISSING,,
Application,CalculateFullRebuild,method,CalculateFullRebuild(),,MISSING,,
Application,CalculateUntilAsyncQueriesDone,method,CalculateUntilAsyncQueriesDone(),,MISSING,,
Application,Calculation,property,As XlCalculation,,UNASSESSED,,
Application,CalculationInterruptKey,property,As XlCalculationInterruptKey,,MISSING,,
Application,CalculationState,"property, read-only",As XlCalculationState,,MISSING,,
Application,CalculationVersion,"property, read-only",As Long,,MISSING,,
Application,Caller,"property, read-only",As Variant,,MISSING,,
Application,CanPlaySounds,"property, read-only",As Boolean,,MISSING,,
Application,CanRecordSounds,"property, read-only",As Boolean,,MISSING,,
Application,Caption,property,As String,,MISSING,,
Application,CellDragAndDrop,property,As Boolean,,MISSING,,
Application,Cells,"property, read-only",As Range,,UNASSESSED,,
Application,CentimetersToPoints,method,CentimetersToPoints(Centimeters As Double) As Double,,MISSING,,
Application,ChartDataPointTrack,property,As Boolean,,MISSING,,
Application,Charts,"property, read-only",As Sheets,,MISSING,,
Application,CheckAbort,method,CheckAbort([KeepAbort As Variant]),,MISSING,,
Application,CheckSpelling,method,"CheckSpelling(Word As String, [CustomDictionary As Variant], [IgnoreUppercase As Variant]) As Boolean",,MISSING,,
Application,ClipboardFormats,"property, read-only",As Variant,,MISSING,,
Application,ClusterConnector,property,As String,,MISSING,,
Application,Columns,"property, read-only",As Range,,UNASSESSED,,
Application,COMAddIns,"property, read-only",As COMAddIns,,MISSING,,
Application,CommandBars,"property, read-only",As CommandBars,,MISSING,,
Application,CommandUnderlines,property,As XlCommandUnderlines,,MISSING,,
Application,ConstrainNumeric,property,As Boolean,,MISSING,,
Application,ControlCharacters,property,As Boolean,,MISSING,,
Application,ConvertFormula,method,"ConvertFormula(Formula As Variant, FromReferenceStyle As XlReferenceStyle, [ToReferenceStyle As Variant], [ToAbsolute As Variant], [RelativeTo As Variant]) As Variant",,MISSING,,
Application,CopyObjectsWithCells,property,As Boolean,,MISSING,,
Application,Creator,"property, read-only",As XlCreator,,UNASSESSED,,
Application,Cursor,property,As XlMousePointer,,MISSING,,
Application,CursorMovement,property,As Long,,MISSING,,
Application,CustomListCount,"property, read-only",As Long,,MISSING,,
Application,CutCopyMode,property,As XlCutCopyMode,,VERIFIED,tests/fixtures/paste.json,"0, 1 after Copy and 2 after Cut; False clears the clipboard."
Application,DataEntryMode,property,As Long,,MISSING,,
Application,DDEAppReturnCode,"property, read-only",As Long,,MISSING,,
Application,DDEExecute,method,"DDEExecute(Channel As Long, String As String)",,MISSING,,
Application,DDEInitiate,method,"DDEInitiate(App As String, Topic As String) As Long",,MISSING,,
Application,DDEPoke,method,"DDEPoke(Channel As Long, Item As Variant, Data As Variant)",,MISSING,,
Application,DDERequest,method,"DDERequest(Channel As Long, Item As String) As Variant",,MISSING,,
Application,DDETerminate,method,DDETerminate(Channel As Long),,MISSING,,
Application,DecimalSeparator,property,As String,,MISSING,,
Application,DefaultFilePath,property,As String,,MISSING,,
Application,DefaultPivotTableLayoutOptions,"property, read-only",As DefaultPivotTableLayoutOptions,,MISSING,,
Application,DefaultSaveFormat,property,As XlFileFormat,,MISSING,,
Application,DefaultSheetDirection,property,As Long,,MISSING,,
Application,DefaultWebOptions,"property, read-only",As DefaultWebOptions,,MISSING,,
Application,DeferAsyncQueries,property,As Boolean,,MISSING,,
Application,DeleteCustomList,method,DeleteCustomList(ListNum As Long),,MISSING,,
Application,Dialogs,"property, read-only",As Dialogs,,MISSING,,
Application,DisplayAlerts,property,As Boolean,,UNASSESSED,,
Application,DisplayClipboardWindow,property,As Boolean,,MISSING,,
Application,DisplayCommentIndicator,property,As XlCommentDisplayMode,,MISSING,,
Application,DisplayDocumentActionTaskPane,property,As Boolean,,MISSING,,
Application,DisplayDocumentInformationPanel,property,As Boolean,,MISSING,,
Application,DisplayExcel4Menus,property,As Boolean,,MISSING,,
Application,DisplayFormulaAutoComplete,property,As Boolean,,MISSING,,
Application,DisplayFormulaBar,property,As Boolean,,MISSING,,
Application,DisplayFullScreen,property,As Boolean,,MISSING,,
Application,DisplayFunctionToolTips,property,As Boolean,,MISSING,,
Application,DisplayInsertOptions,property,As Boolean,,MISSING,,
Application,DisplayNoteIndicator,property,As Boolean,,MISSING,,
Application,DisplayPasteOptions,property,As Boolean,,MISSING,,
Application,DisplayRecentFiles,property,As Boolean,,MISSING,,
Application,DisplayScrollBars,property,As Boolean,,MISSING,,
Application,DisplayStatusBar,property,As Boolean,,MISSING,,
Application,DisplayXMLSourcePane,method,DisplayXMLSourcePane([XmlMap As Variant]),,MISSING,,
Application,DoubleClick,method,DoubleClick(),,MISSING,,
Application,EditDirectlyInCell,property,As Boolean,,MISSING,,
Application,EnableAnimations,property,As Boolean,,MISSING,,
Application,EnableAutoComplete,property,As Boolean,,MISSING,,
Application,EnableCancelKey,property,As XlEnableCancelKey,,MISSING,,
Application,EnableCheckFileExtensions,property,As Boolean,,MISSING,,
Application,EnableEvents,property,As Boolean,,UNASSESSED,,
Application,EnableLargeOperationAlert,property,As Boolean,,MISSING,,
Application,EnableLivePreview,property,As Boolean,,MISSING,,
Application,EnableMacroAnimations,property,As Boolean,,MISSING,,
Application,EnableSound,property,As Boolean,,MISSING,,
Application,ErrorCheckingOptions,"property, read-only",As ErrorCheckingOptions,,MISSING,,
Application,Evaluate,method,Evaluate(Name As Variant) As Variant,,PARTIAL,tests/fixtures/evaluate.json; tests/fixtures/excel_model/probes.txt; tests/fixtures/autofilter_edits.json,"An expression on the active sheet, as Evaluate works it out: cells come back as a Range, blocks are worked out whole into arrays counted from 1, an error comes back as an error value, and an unreadable, empty or over-long expression is Error 2015. ROW() and COLUMN() with no argument, a function run once per item of a block and XLOOKUP's Range are known gaps."
Application,Excel4IntlMacroSheets,"property, read-only",As Sheets,,MISSING,,
Application,Excel4MacroSheets,"property, read-only",As Sheets,,MISSING,,
Application,ExecuteExcel4Macro,method,ExecuteExcel4Macro(String As String) As Variant,,MISSING,,
Application,ExtendList,property,As Boolean,,MISSING,,
Application,FeatureInstall,property,As MsoFeatureInstall,,MISSING,,
Application,FileConverters,"property, read-only",As Variant,,MISSING,,
Application,FileDialog,"property, read-only",As FileDialog,,MISSING,,
Application,FileExportConverters,"property, read-only",As FileExportConverters,,MISSING,,
Application,FileValidation,property,As MsoFileValidationMode,,MISSING,,
Application,FileValidationPivot,property,As XlFileValidationPivotMode,,MISSING,,
Application,FindFile,method,FindFile() As Boolean,,MISSING,,
Application,FindFormat,property,As CellFormat,,MISSING,,
Application,FixedDecimal,property,As Boolean,,MISSING,,
Application,FixedDecimalPlaces,property,As Long,,MISSING,,
Application,FlashFill,property,As Boolean,,MISSING,,
Application,FlashFillMode,property,As Boolean,,MISSING,,
Application,FormatStaleValues,property,As Boolean,,MISSING,,
Application,FormulaBarHeight,property,As Long,,MISSING,,
Application,GenerateGetPivotData,property,As Boolean,,MISSING,,
Application,GenerateTableRefs,property,As XlGenerateTableRefs,,MISSING,,
Application,GetCustomListContents,method,GetCustomListContents(ListNum As Long) As Variant,,MISSING,,
Application,GetCustomListNum,method,GetCustomListNum(ListArray As Variant) As Long,,MISSING,,
Application,GetOpenFilename,method,"GetOpenFilename([FileFilter As Variant], [FilterIndex As Variant], [Title As Variant], [ButtonText As Variant], [MultiSelect As Variant]) As Variant",,MISSING,,
Application,GetPhonetic,method,GetPhonetic([Text As Variant]) As String,,MISSING,,
Application,GetSaveAsFilename,method,"GetSaveAsFilename([InitialFilename As Variant], [FileFilter As Variant], [FilterIndex As Variant], [Title As Variant], [ButtonText As Variant]) As Variant",,MISSING,,
Application,Goto,method,"Goto([Reference As Variant], [Scroll As Variant])",,PARTIAL,tests/fixtures/windows/windows.json,"Activates the range's sheet and selects the range; with Scroll its first cell goes to the top left of the window or of the pane that scrolls. Without a Reference, which goes back to where the last Goto started, it reports itself."
Application,Height,property,As Double,,MISSING,,
Application,Help,method,"Help([HelpFile As Variant], [HelpContextID As Variant])",,MISSING,,
Application,HighQualityModeForGraphics,property,As Boolean,,MISSING,,
Application,Hinstance,"property, read-only",As Long,,MISSING,,
Application,HinstancePtr,"property, read-only",As Variant,,MISSING,,
Application,Hwnd,"property, read-only",As Long,,MISSING,,
Application,IgnoreRemoteRequests,property,As Boolean,,MISSING,,
Application,InchesToPoints,method,InchesToPoints(Inches As Double) As Double,,MISSING,,
Application,InputBox,method,"InputBox(Prompt As String, [Title As Variant], [Default As Variant], [Left As Variant], [Top As Variant], [HelpFile As Variant], [HelpContextID As Variant], [Type As Variant]) As Variant",,MISSING,,
Application,Interactive,property,As Boolean,,MISSING,,
Application,International,"property, read-only",As Variant,,MISSING,,
Application,Intersect,method,"Intersect(Arg1 As Range, Arg2 As Range, [Arg3 As Variant], [Arg4 As Variant], [Arg5 As Variant], [Arg6 As Variant], [Arg7 As Variant], [Arg8 As Variant], [Arg9 As Variant], [Arg10 As Variant], [Arg11 As Variant], [Arg12 As Variant], [Arg13 As Variant], [Arg14 As Variant], [Arg15 As Variant], [Arg16 As Variant], [Arg17 As Variant], [Arg18 As Variant], [Arg19 As Variant], [Arg20 As Variant], [Arg21 As Variant], [Arg22 As Variant], [Arg23 As Variant], [Arg24 As Variant], [Arg25 As Variant], [Arg26 As Variant], [Arg27 As Variant], [Arg28 As Variant], [Arg29 As Variant], [Arg30 As Variant]) As Range",,PARTIAL,tests/fixtures/excel_model/probes.txt,
Application,IsSandboxed,"property, read-only",As Boolean,,MISSING,,
Application,Iteration,property,As Boolean,,MISSING,,
Application,LanguageSettings,"property, read-only",As LanguageSettings,,MISSING,,
Application,LargeOperationCellThousandCount,property,As Long,,MISSING,,
Application,Left,property,As Double,,MISSING,,
Application,LibraryPath,"property, read-only",As String,,MISSING,,
Application,MacroOptions,method,"MacroOptions([Macro As Variant], [Description As Variant], [HasMenu As Variant], [MenuText As Variant], [HasShortcutKey As Variant], [ShortcutKey As Variant], [Category As Variant], [StatusBar As Variant], [HelpContextID As Variant], [HelpFile As Variant], [ArgumentDescriptions As Variant])",,MISSING,,
Application,MailLogoff,method,MailLogoff(),,MISSING,,
Application,MailLogon,method,"MailLogon([Name As Variant], [Password As Variant], [DownloadNewMail As Variant])",,MISSING,,
Application,MailSession,"property, read-only",As Variant,,MISSING,,
Application,MailSystem,"property, read-only",As XlMailSystem,,MISSING,,
Application,MapPaperSize,property,As Boolean,,MISSING,,
Application,MathCoprocessorAvailable,"property, read-only",As Boolean,,MISSING,,
Application,MaxChange,property,As Double,,MISSING,,
Application,MaxIterations,property,As Long,,MISSING,,
Application,MaxSupportedCompatibilityVersion,"property, read-only",As Long,,MISSING,,
Application,MeasurementUnit,property,As Long,,MISSING,,
Application,MergeInstances,property,As Boolean,,MISSING,,
Application,MouseAvailable,"property, read-only",As Boolean,,MISSING,,
Application,MoveAfterReturn,property,As Boolean,,MISSING,,
Application,MoveAfterReturnDirection,property,As XlDirection,,MISSING,,
Application,MultiThreadedCalculation,"property, read-only",As MultiThreadedCalculation,,MISSING,,
Application,Name,"property, read-only",As String,,PARTIAL,tests/fixtures/excel_model/probes.txt,
Application,Names,"property, read-only",As Names,,UNASSESSED,,
Application,NetworkTemplatesPath,"property, read-only",As String,,MISSING,,
Application,NewWorkbook,event,NewWorkbook(Wb As Workbook),,MISSING,,
Application,NextLetter,method,NextLetter() As Workbook,,MISSING,,
Application,ODBCErrors,"property, read-only",As ODBCErrors,,MISSING,,
Application,ODBCTimeout,property,As Long,,MISSING,,
Application,OLEDBErrors,"property, read-only",As OLEDBErrors,,MISSING,,
Application,OnKey,method,"OnKey(Key As String, [Procedure As Variant])",,MISSING,,
Application,OnRepeat,method,"OnRepeat(Text As String, Procedure As String)",,MISSING,,
Application,OnTime,method,"OnTime(EarliestTime As Variant, Procedure As String, [LatestTime As Variant], [Schedule As Variant])",,MISSING,,
Application,OnUndo,method,"OnUndo(Text As String, Procedure As String)",,MISSING,,
Application,OnWindow,property,As String,,MISSING,,
Application,OperatingSystem,"property, read-only",As String,,MISSING,,
Application,OrganizationName,"property, read-only",As String,,MISSING,,
Application,Parent,"property, read-only",As Application,,UNASSESSED,,
Application,Path,"property, read-only",As String,,UNASSESSED,,
Application,PathSeparator,"property, read-only",As String,,MISSING,,
Application,PivotTableSelection,property,As Boolean,,MISSING,,
Application,PreviousSelections,"property, read-only",As Variant,,MISSING,,
Application,PrintCommunication,property,As Boolean,,MISSING,,
Application,ProductCode,"property, read-only",As String,,MISSING,,
Application,PromptForSummaryInfo,property,As Boolean,,MISSING,,
Application,ProtectedViewWindowActivate,event,ProtectedViewWindowActivate(Pvw As ProtectedViewWindow),,MISSING,,
Application,ProtectedViewWindowBeforeClose,event,"ProtectedViewWindowBeforeClose(Pvw As ProtectedViewWindow, Reason As XlProtectedViewCloseReason, Cancel As Boolean)",,MISSING,,
Application,ProtectedViewWindowBeforeEdit,event,"ProtectedViewWindowBeforeEdit(Pvw As ProtectedViewWindow, Cancel As Boolean)",,MISSING,,
Application,ProtectedViewWindowDeactivate,event,ProtectedViewWindowDeactivate(Pvw As ProtectedViewWindow),,MISSING,,
Application,ProtectedViewWindowOpen,event,ProtectedViewWindowOpen(Pvw As ProtectedViewWindow),,MISSING,,
Application,ProtectedViewWindowResize,event,ProtectedViewWindowResize(Pvw As ProtectedViewWindow),,MISSING,,
Application,ProtectedViewWindows,"property, read-only",As ProtectedViewWindows,,MISSING,,
Application,QuickAnalysis,"property, read-only",As QuickAnalysis,,MISSING,,
Application,Quit,method,Quit(),,UNASSESSED,,
Application,Range,"property, read-only",As Range,,UNASSESSED,,
Application,Ready,"property, read-only",As Boolean,,MISSING,,
Application,RecentFiles,"property, read-only",As RecentFiles,,MISSING,,
Application,RecordMacro,method,"RecordMacro([BasicCode As Variant], [XlmCode As Variant])",,MISSING,,
Application,RecordRelative,"property, read-only",As Boolean,,MISSING,,
Application,ReferenceStyle,property,As XlReferenceStyle,,MISSING,,
Application,RegisteredFunctions,"property, read-only",As Variant,,MISSING,,
Application,RegisterXLL,method,RegisterXLL(Filename As String) As Boolean,,MISSING,,
Application,Repeat,method,Repeat(),,MISSING,,
Application,ReplaceFormat,property,As CellFormat,,MISSING,,
Application,RollZoom,property,As Boolean,,MISSING,,
Application,Rows,"property, read-only",As Range,,UNASSESSED,,
Application,RTD,"property, read-only",As RTD,,MISSING,,
Application,Run,method,"Run([Macro As Variant], [Arg1 As Variant], [Arg2 As Variant], [Arg3 As Variant], [Arg4 As Variant], [Arg5 As Variant], [Arg6 As Variant], [Arg7 As Variant], [Arg8 As Variant], [Arg9 As Variant], [Arg10 As Variant], [Arg11 As Variant], [Arg12 As Variant], [Arg13 As Variant], [Arg14 As Variant], [Arg15 As Variant], [Arg16 As Variant], [Arg17 As Variant], [Arg18 As Variant], [Arg19 As Variant], [Arg20 As Variant], [Arg21 As Variant], [Arg22 As Variant], [Arg23 As Variant], [Arg24 As Variant], [Arg25 As Variant], [Arg26 As Variant], [Arg27 As Variant], [Arg28 As Variant], [Arg29 As Variant], [Arg30 As Variant]) As Variant",,UNASSESSED,,
Application,ScreenUpdating,property,As Boolean,,PARTIAL,tests/fixtures/excel_model/probes.txt,
Application,Selection,"property, read-only",As Object,,UNASSESSED,,
Application,SendKeys,method,"SendKeys(Keys As Variant, [Wait As Variant])",,MISSING,,
Application,SensitivityLabelPolicy,"property, read-only",As SensitivityLabelPolicy,,MISSING,,
Application,SharePointVersion,method,SharePointVersion(bstrUrl As String) As Long,,MISSING,,
Application,SheetActivate,event,SheetActivate(Sh As Object),,MISSING,,
Application,SheetBeforeDelete,event,SheetBeforeDelete(Sh As Object),,MISSING,,
Application,SheetBeforeDoubleClick,event,"SheetBeforeDoubleClick(Sh As Object, Target As Range, Cancel As Boolean)",,MISSING,,
Application,SheetBeforeRightClick,event,"SheetBeforeRightClick(Sh As Object, Target As Range, Cancel As Boolean)",,MISSING,,
Application,SheetCalculate,event,SheetCalculate(Sh As Object),,MISSING,,
Application,SheetChange,event,"SheetChange(Sh As Object, Target As Range)",,MISSING,,
Application,SheetDeactivate,event,SheetDeactivate(Sh As Object),,MISSING,,
Application,SheetFollowHyperlink,event,"SheetFollowHyperlink(Sh As Object, Target As Hyperlink)",,MISSING,,
Application,SheetLensGalleryRenderComplete,event,SheetLensGalleryRenderComplete(Sh As Object),,MISSING,,
Application,SheetPivotTableAfterValueChange,event,"SheetPivotTableAfterValueChange(Sh As Object, TargetPivotTable As PivotTable, TargetRange As Range)",,MISSING,,
Application,SheetPivotTableBeforeAllocateChanges,event,"SheetPivotTableBeforeAllocateChanges(Sh As Object, TargetPivotTable As PivotTable, ValueChangeStart As Long, ValueChangeEnd As Long, Cancel As Boolean)",,MISSING,,
Application,SheetPivotTableBeforeCommitChanges,event,"SheetPivotTableBeforeCommitChanges(Sh As Object, TargetPivotTable As PivotTable, ValueChangeStart As Long, ValueChangeEnd As Long, Cancel As Boolean)",,MISSING,,
Application,SheetPivotTableBeforeDiscardChanges,event,"SheetPivotTableBeforeDiscardChanges(Sh As Object, TargetPivotTable As PivotTable, ValueChangeStart As Long, ValueChangeEnd As Long)",,MISSING,,
Application,SheetPivotTableUpdate,event,"SheetPivotTableUpdate(Sh As Object, Target As PivotTable)",,MISSING,,
Application,Sheets,"property, read-only",As Sheets,,UNASSESSED,,
Application,SheetSelectionChange,event,"SheetSelectionChange(Sh As Object, Target As Range)",,MISSING,,
Application,SheetsInNewWorkbook,property,As Long,,MISSING,,
Application,SheetTableUpdate,event,"SheetTableUpdate(Sh As Object, Target As TableObject)",,MISSING,,
Application,ShowChartTipNames,property,As Boolean,,MISSING,,
Application,ShowChartTipValues,property,As Boolean,,MISSING,,
Application,ShowConvertToDataType,property,As Boolean,,MISSING,,
Application,ShowDevTools,property,As Boolean,,MISSING,,
Application,ShowMenuFloaties,property,As Boolean,,MISSING,,
Application,ShowQuickAnalysis,property,As Boolean,,MISSING,,
Application,ShowSelectionFloaties,property,As Boolean,,MISSING,,
Application,ShowStartupDialog,property,As Boolean,,MISSING,,
Application,ShowToolTips,property,As Boolean,,MISSING,,
Application,SmartArtColors,"property, read-only",As SmartArtColors,,MISSING,,
Application,SmartArtLayouts,"property, read-only",As SmartArtLayouts,,MISSING,,
Application,SmartArtQuickStyles,"property, read-only",As SmartArtQuickStyles,,MISSING,,
Application,Speech,"property, read-only",As Speech,,MISSING,,
Application,SpellingOptions,"property, read-only",As SpellingOptions,,MISSING,,
Application,StandardFont,property,As String,,MISSING,,
Application,StandardFontSize,property,As Double,,MISSING,,
Application,StartupPath,"property, read-only",As String,,MISSING,,
Application,StatusBar,property,As Variant,,UNASSESSED,,
Application,TemplatesPath,"property, read-only",As String,,MISSING,,
Application,ThisCell,"property, read-only",As Range,,MISSING,,
Application,ThisWorkbook,"property, read-only",As Workbook,,UNASSESSED,,
Application,ThousandsSeparator,property,As String,,MISSING,,
Application,Top,property,As Double,,MISSING,,
Application,TransitionMenuKey,property,As String,,MISSING,,
Application,TransitionMenuKeyAction,property,As Long,,MISSING,,
Application,TransitionNavigKeys,property,As Boolean,,MISSING,,
Application,Undo,method,Undo(),,MISSING,,
Application,Union,method,"Union(Arg1 As Range, Arg2 As Range, [Arg3 As Variant], [Arg4 As Variant], [Arg5 As Variant], [Arg6 As Variant], [Arg7 As Variant], [Arg8 As Variant], [Arg9 As Variant], [Arg10 As Variant], [Arg11 As Variant], [Arg12 As Variant], [Arg13 As Variant], [Arg14 As Variant], [Arg15 As Variant], [Arg16 As Variant], [Arg17 As Variant], [Arg18 As Variant], [Arg19 As Variant], [Arg20 As Variant], [Arg21 As Variant], [Arg22 As Variant], [Arg23 As Variant], [Arg24 As Variant], [Arg25 As Variant], [Arg26 As Variant], [Arg27 As Variant], [Arg28 As Variant], [Arg29 As Variant], [Arg30 As Variant]) As Range",,PARTIAL,tests/fixtures/excel_model/probes.txt,
Application,UsableHeight,"property, read-only",As Double,,MISSING,,
Application,UsableWidth,"property, read-only",As Double,,MISSING,,
Application,UseClusterConnector,property,As Boolean,,MISSING,,
Application,UsedObjects,"property, read-only",As UsedObjects,,MISSING,,
Application,UserControl,property,As Boolean,,MISSING,,
Application,UserLibraryPath,"property, read-only",As String,,MISSING,,
Application,UserName,property,As String,,UNASSESSED,,
Application,UseSystemSeparators,property,As Boolean,,MISSING,,
Application,Value,"property, read-only",As String,,MISSING,,
Application,VBE,"property, read-only",As VBE,,MISSING,,
Application,Version,"property, read-only",As String,,UNASSESSED,,
Application,Visible,property,As Boolean,,UNASSESSED,,
Application,Volatile,method,Volatile([Volatile As Variant]),,UNASSESSED,,
Application,Wait,method,Wait(Time As Variant) As Boolean,,UNASSESSED,,
Application,WarnOnFunctionNameConflict,property,As Boolean,,MISSING,,
Application,Watches,"property, read-only",As Watches,,MISSING,,
Application,Width,property,As Double,,MISSING,,
Application,WindowActivate,event,"WindowActivate(Wb As Workbook, Wn As Window)",,MISSING,,
Application,WindowDeactivate,event,"WindowDeactivate(Wb As Workbook, Wn As Window)",,MISSING,,
Application,WindowResize,event,"WindowResize(Wb As Workbook, Wn As Window)",,MISSING,,
Application,Windows,"property, read-only",As Windows,,VERIFIED,tests/fixtures/windows/windows.json,"Front to back: a workbook added or opened comes to the front, and one activated comes forward only while the screen updates."
Application,WindowsForPens,"property, read-only",As Boolean,,MISSING,,
Application,WindowState,property,As XlWindowState,,MISSING,,
Application,WorkbookActivate,event,WorkbookActivate(Wb As Workbook),,MISSING,,
Application,WorkbookAddinInstall,event,WorkbookAddinInstall(Wb As Workbook),,MISSING,,
Application,WorkbookAddinUninstall,event,WorkbookAddinUninstall(Wb As Workbook),,MISSING,,
Application,WorkbookAfterRemoteChange,event,WorkbookAfterRemoteChange(Wb As Workbook),,MISSING,,
Application,WorkbookAfterSave,event,"WorkbookAfterSave(Wb As Workbook, Success As Boolean)",,MISSING,,
Application,WorkbookAfterXmlExport,event,"WorkbookAfterXmlExport(Wb As Workbook, Map As XmlMap, Url As String, Result As XlXmlExportResult)",,MISSING,,
Application,WorkbookAfterXmlImport,event,"WorkbookAfterXmlImport(Wb As Workbook, Map As XmlMap, IsRefresh As Boolean, Result As XlXmlImportResult)",,MISSING,,
Application,WorkbookBeforeClose,event,"WorkbookBeforeClose(Wb As Workbook, Cancel As Boolean)",,MISSING,,
Application,WorkbookBeforePrint,event,"WorkbookBeforePrint(Wb As Workbook, Cancel As Boolean)",,MISSING,,
Application,WorkbookBeforeRemoteChange,event,WorkbookBeforeRemoteChange(Wb As Workbook),,MISSING,,
Application,WorkbookBeforeSave,event,"WorkbookBeforeSave(Wb As Workbook, SaveAsUI As Boolean, Cancel As Boolean)",,MISSING,,
Application,WorkbookBeforeXmlExport,event,"WorkbookBeforeXmlExport(Wb As Workbook, Map As XmlMap, Url As String, Cancel As Boolean)",,MISSING,,
Application,WorkbookBeforeXmlImport,event,"WorkbookBeforeXmlImport(Wb As Workbook, Map As XmlMap, Url As String, IsRefresh As Boolean, Cancel As Boolean)",,MISSING,,
Application,WorkbookDeactivate,event,WorkbookDeactivate(Wb As Workbook),,MISSING,,
Application,WorkbookModelChange,event,"WorkbookModelChange(Wb As Workbook, Changes As ModelChanges)",,MISSING,,
Application,WorkbookNewChart,event,"WorkbookNewChart(Wb As Workbook, Ch As Chart)",,MISSING,,
Application,WorkbookNewSheet,event,"WorkbookNewSheet(Wb As Workbook, Sh As Object)",,MISSING,,
Application,WorkbookOpen,event,WorkbookOpen(Wb As Workbook),,MISSING,,
Application,WorkbookPivotTableCloseConnection,event,"WorkbookPivotTableCloseConnection(Wb As Workbook, Target As PivotTable)",,MISSING,,
Application,WorkbookPivotTableOpenConnection,event,"WorkbookPivotTableOpenConnection(Wb As Workbook, Target As PivotTable)",,MISSING,,
Application,WorkbookRowsetComplete,event,"WorkbookRowsetComplete(Wb As Workbook, Description As String, Sheet As String, Success As Boolean)",,MISSING,,
Application,Workbooks,"property, read-only",As Workbooks,,UNASSESSED,,
Application,WorkbookSync,event,"WorkbookSync(Wb As Workbook, SyncEventType As MsoSyncEventType)",,MISSING,,
Application,WorksheetFunction,"property, read-only",As WorksheetFunction,,PARTIAL,tests/fixtures/excel_model/probes.txt,
Application,Worksheets,"property, read-only",As Sheets,,UNASSESSED,,
Areas,_Default,"property, read-only",As Range,,MISSING,,
Areas,_NewEnum,"property, read-only",As IUnknown,,MISSING,,
Areas,Application,"property, read-only",As Application,,MISSING,,
Areas,Count,"property, read-only",As Long,,UNASSESSED,,
Areas,Creator,"property, read-only",As XlCreator,,MISSING,,
Areas,Item,"property, read-only",As Range,,UNASSESSED,,
Areas,Parent,"property, read-only",As Object,,MISSING,,
AutoFilter,Application,"property, read-only",As Application,,MISSING,,
AutoFilter,ApplyFilter,method,ApplyFilter(),,PARTIAL,tests/fixtures/autofilter.json; tests/fixtures/autofilter_file/autofilter_file.json; tests/test_live_excel_model_gate.py; tests/fixtures/autofilter_edits.json,"Filters again, taking in the rows of data that have grown on below the range."
AutoFilter,Creator,"property, read-only",As XlCreator,,MISSING,,
AutoFilter,FilterMode,"property, read-only",As Boolean,,PARTIAL,tests/fixtures/autofilter.json; tests/fixtures/autofilter_file/autofilter_file.json; tests/test_live_excel_model_gate.py,
AutoFilter,Filters,"property, read-only",As Filters,,PARTIAL,tests/fixtures/autofilter.json; tests/fixtures/autofilter_file/autofilter_file.json; tests/test_live_excel_model_gate.py,
AutoFilter,Parent,"property, read-only",As Object,,MISSING,,
AutoFilter,Range,"property, read-only",As Range,,PARTIAL,tests/fixtures/autofilter.json; tests/fixtures/autofilter_file/autofilter_file.json; tests/test_live_excel_model_gate.py; tests/fixtures/autofilter_edits.json,"The filter's range run on down to the foot of the data around it, as Excel reads it; row and column edits move and stretch it."
AutoFilter,ShowAllData,method,ShowAllData(),,PARTIAL,tests/fixtures/autofilter.json; tests/fixtures/autofilter_file/autofilter_file.json; tests/test_live_excel_model_gate.py,
AutoFilter,Sort,"property, read-only",As Sort,,MISSING,,
Border,Application,"property, read-only",As Application,,UNASSESSED,,
Border,Color,property,As Variant,,VERIFIED,tests/fixtures/range_format.json; tests/fixtures/format/formats_answers.json; tests/fixtures/format/border_storage.json; tests/test_live_excel_model_gate.py,
Border,ColorIndex,property,As Variant,,PARTIAL,tests/fixtures/range_format.json; tests/fixtures/format/formats_answers.json; tests/fixtures/format/border_storage.json; tests/test_live_excel_model_gate.py,ColorIndex 0 is unmeasured and raises 9.
Border,Creator,"property, read-only",As XlCreator,,MISSING,,
Border,LineStyle,property,As Variant,,VERIFIED,tests/fixtures/range_format.json; tests/fixtures/format/formats_answers.json; tests/fixtures/format/border_storage.json; tests/test_live_excel_model_gate.py,
Border,Parent,"property, read-only",As Object,,UNASSESSED,,
Border,ThemeColor,property,As Variant,,VERIFIED,tests/fixtures/range_format.json; tests/fixtures/format/formats_answers.json; tests/fixtures/format/border_storage.json; tests/test_live_excel_model_gate.py,
Border,TintAndShade,property,As Variant,,PARTIAL,tests/fixtures/range_format.json; tests/fixtures/format/formats_answers.json; tests/fixtures/format/border_storage.json; tests/test_live_excel_model_gate.py,A tint on an RGB border colour is unmeasured.
Border,Weight,property,As Variant,,PARTIAL,tests/fixtures/range_format.json; tests/fixtures/format/formats_answers.json; tests/fixtures/format/border_storage.json; tests/test_live_excel_model_gate.py,Weights other than 1 to 4 and xlMedium are unmeasured and raise 1004.
Borders,_Default,"property, read-only",As Border,,MISSING,,
Borders,_NewEnum,"property, read-only",As IUnknown,,MISSING,,
Borders,Application,"property, read-only",As Application,,UNASSESSED,,
Borders,Color,property,As Variant,,VERIFIED,tests/fixtures/range_format.json; tests/fixtures/format/formats_answers.json; tests/fixtures/format/border_storage.json; tests/test_live_excel_model_gate.py,
Borders,ColorIndex,property,As Variant,,PARTIAL,tests/fixtures/range_format.json; tests/fixtures/format/formats_answers.json; tests/fixtures/format/border_storage.json; tests/test_live_excel_model_gate.py,Reads over edges of different colours are unmeasured.
Borders,Count,"property, read-only",As Long,,VERIFIED,tests/fixtures/range_format.json; tests/fixtures/format/formats_answers.json; tests/fixtures/format/border_storage.json; tests/test_live_excel_model_gate.py,
Borders,Creator,"property, read-only",As XlCreator,,MISSING,,
Borders,Item,"property, read-only",As Border,,VERIFIED,tests/fixtures/range_format.json; tests/fixtures/format/formats_answers.json; tests/fixtures/format/border_storage.json; tests/test_live_excel_model_gate.py,
Borders,LineStyle,property,As Variant,,VERIFIED,tests/fixtures/range_format.json; tests/fixtures/format/formats_answers.json; tests/fixtures/format/border_storage.json; tests/test_live_excel_model_gate.py,
Borders,Parent,"property, read-only",As Object,,UNASSESSED,,
Borders,ThemeColor,property,As Variant,,PARTIAL,tests/fixtures/range_format.json; tests/fixtures/format/formats_answers.json; tests/fixtures/format/border_storage.json; tests/test_live_excel_model_gate.py,Reads over edges of different colours are unmeasured.
Borders,TintAndShade,property,As Variant,,PARTIAL,tests/fixtures/range_format.json; tests/fixtures/format/formats_answers.json; tests/fixtures/format/border_storage.json; tests/test_live_excel_model_gate.py,Reads over edges of different colours are unmeasured.
Borders,Value,property,As Variant,,VERIFIED,tests/fixtures/range_format.json; tests/fixtures/format/formats_answers.json; tests/fixtures/format/border_storage.json; tests/test_live_excel_model_gate.py,
Borders,Weight,property,As Variant,,VERIFIED,tests/fixtures/range_format.json; tests/fixtures/format/formats_answers.json; tests/fixtures/format/border_storage.json; tests/test_live_excel_model_gate.py,
Characters,Application,"property, read-only",As Application,,MISSING,,
Characters,Caption,property,As String,,MISSING,,
Characters,Count,"property, read-only",As Long,,PARTIAL,tests/fixtures/excel_model/probes.txt,
Characters,Creator,"property, read-only",As XlCreator,,MISSING,,
Characters,Delete,method,Delete() As Variant,,MISSING,,
Characters,Font,"property, read-only",As Font,,MISSING,,
Characters,Insert,method,Insert(String As String) As Variant,,MISSING,,
Characters,Parent,"property, read-only",As Object,,MISSING,,
Characters,PhoneticCharacters,property,As String,,MISSING,,
Characters,Text,property,As String,,PARTIAL,tests/fixtures/excel_model/probes.txt,
ControlFormat,_Default,property,As Long,,MISSING,,
ControlFormat,AddItem,method,"AddItem(Text As String, [Index As Variant])",,PARTIAL,tests/fixtures/shapes/inline_controls.json; tests/fixtures/shapes/list_arrays.json,
ControlFormat,Application,"property, read-only",As Application,,MISSING,,
ControlFormat,Creator,"property, read-only",As XlCreator,,MISSING,,
ControlFormat,DropDownLines,property,As Long,,MISSING,,
ControlFormat,Enabled,property,As Boolean,,MISSING,,
ControlFormat,LargeChange,property,As Long,,PARTIAL,tests/fixtures/shapes/numeric_controls.json,
ControlFormat,LinkedCell,property,As String,,PARTIAL,tests/fixtures/shapes/checkbox_links.json; tests/fixtures/shapes/list_controls.json; tests/fixtures/shapes/numeric_controls.json; tests/fixtures/shapes/radio_controls.json,
ControlFormat,List,method,List([Index As Variant]) As Variant,,PARTIAL,tests/fixtures/shapes/inline_controls.json; tests/fixtures/shapes/list_arrays.json,
ControlFormat,ListCount,property,As Long,no setter,PARTIAL,tests/fixtures/shapes/list_controls.json; tests/fixtures/shapes/list_rebinding.json,
ControlFormat,ListFillRange,property,As String,,PARTIAL,tests/fixtures/shapes/list_controls.json; tests/fixtures/shapes/list_rebinding.json,
ControlFormat,ListIndex,property,As Long,,MISSING,,
ControlFormat,LockedText,property,As Boolean,,MISSING,,
ControlFormat,Max,property,As Long,,PARTIAL,tests/fixtures/shapes/numeric_controls.json,
ControlFormat,Min,property,As Long,,PARTIAL,tests/fixtures/shapes/numeric_controls.json,
ControlFormat,MultiSelect,property,As Long,,PARTIAL,tests/fixtures/shapes/inline_controls.json; tests/fixtures/shapes/list_arrays.json,
ControlFormat,Parent,"property, read-only",As Object,,MISSING,,
ControlFormat,PrintObject,property,As Boolean,,MISSING,,
ControlFormat,RemoveAllItems,method,RemoveAllItems(),,PARTIAL,tests/fixtures/shapes/inline_controls.json; tests/fixtures/shapes/list_arrays.json,
ControlFormat,RemoveItem,method,"RemoveItem(Index As Long, [Count As Variant])",,PARTIAL,tests/fixtures/shapes/inline_controls.json; tests/fixtures/shapes/list_arrays.json,
ControlFormat,SmallChange,property,As Long,,PARTIAL,tests/fixtures/shapes/numeric_controls.json,
ControlFormat,Value,property,As Long,,PARTIAL,tests/fixtures/shapes/checkbox_links.json; tests/fixtures/shapes/list_controls.json; tests/fixtures/shapes/numeric_controls.json; tests/fixtures/shapes/radio_controls.json,
Filter,Application,"property, read-only",As Application,,MISSING,,
Filter,Count,"property, read-only",As Long,,PARTIAL,tests/fixtures/autofilter.json; tests/fixtures/autofilter_file/autofilter_file.json; tests/test_live_excel_model_gate.py,
Filter,Creator,"property, read-only",As XlCreator,,MISSING,,
Filter,Criteria1,"property, read-only",As Variant,,PARTIAL,tests/fixtures/autofilter.json; tests/fixtures/autofilter_file/autofilter_file.json; tests/test_live_excel_model_gate.py,
Filter,Criteria2,"property, read-only",As Variant,,PARTIAL,tests/fixtures/autofilter.json; tests/fixtures/autofilter_file/autofilter_file.json; tests/test_live_excel_model_gate.py,
Filter,On,"property, read-only",As Boolean,,PARTIAL,tests/fixtures/autofilter.json; tests/fixtures/autofilter_file/autofilter_file.json; tests/test_live_excel_model_gate.py,
Filter,Operator,property,As XlAutoFilterOperator,no setter,PARTIAL,tests/fixtures/autofilter.json; tests/fixtures/autofilter_file/autofilter_file.json; tests/test_live_excel_model_gate.py,
Filter,Parent,"property, read-only",As Object,,MISSING,,
Filters,_Default,"property, read-only",As Filter,,MISSING,,
Filters,_NewEnum,"property, read-only",As IUnknown,,MISSING,,
Filters,Application,"property, read-only",As Application,,MISSING,,
Filters,Count,"property, read-only",As Long,,PARTIAL,tests/fixtures/autofilter.json; tests/fixtures/autofilter_file/autofilter_file.json; tests/test_live_excel_model_gate.py,
Filters,Creator,"property, read-only",As XlCreator,,MISSING,,
Filters,Item,"property, read-only",As Filter,,PARTIAL,tests/fixtures/autofilter.json; tests/fixtures/autofilter_file/autofilter_file.json; tests/test_live_excel_model_gate.py,
Filters,Parent,"property, read-only",As Object,,MISSING,,
Font,Application,"property, read-only",As Application,,UNASSESSED,,
Font,Background,property,As Variant,,MISSING,,
Font,Bold,property,As Variant,,VERIFIED,tests/fixtures/range_format.json; tests/fixtures/format/formats_answers.json; tests/test_live_excel_model_gate.py,
Font,Color,property,As Variant,,VERIFIED,tests/fixtures/range_format.json; tests/fixtures/format/formats_answers.json; tests/test_live_excel_model_gate.py,
Font,ColorIndex,property,As Variant,,VERIFIED,tests/fixtures/range_format.json; tests/fixtures/format/formats_answers.json; tests/test_live_excel_model_gate.py,
Font,Creator,"property, read-only",As XlCreator,,MISSING,,
Font,FontStyle,property,As Variant,,VERIFIED,tests/fixtures/range_format.json; tests/fixtures/format/formats_answers.json; tests/test_live_excel_model_gate.py,
Font,Italic,property,As Variant,,VERIFIED,tests/fixtures/range_format.json; tests/fixtures/format/formats_answers.json; tests/test_live_excel_model_gate.py,
Font,Name,property,As Variant,,PARTIAL,tests/fixtures/range_format.json; tests/fixtures/format/formats_answers.json; tests/test_live_excel_model_gate.py,The family a new font is written with is Excel's for common fonts and the replaced font's otherwise.
Font,Parent,"property, read-only",As Object,,UNASSESSED,,
Font,Size,property,As Variant,,VERIFIED,tests/fixtures/range_format.json; tests/fixtures/format/formats_answers.json; tests/test_live_excel_model_gate.py,
Font,Strikethrough,property,As Variant,,VERIFIED,tests/fixtures/range_format.json; tests/fixtures/format/formats_answers.json; tests/test_live_excel_model_gate.py,
Font,Subscript,property,As Variant,,VERIFIED,tests/fixtures/range_format.json; tests/fixtures/format/formats_answers.json; tests/test_live_excel_model_gate.py,
Font,Superscript,property,As Variant,,VERIFIED,tests/fixtures/range_format.json; tests/fixtures/format/formats_answers.json; tests/test_live_excel_model_gate.py,
Font,ThemeColor,property,As Variant,,VERIFIED,tests/fixtures/range_format.json; tests/fixtures/format/formats_answers.json; tests/test_live_excel_model_gate.py,
Font,ThemeFont,property,As XlThemeFont,,MISSING,,
Font,TintAndShade,property,As Variant,,VERIFIED,tests/fixtures/range_format.json; tests/fixtures/format/formats_answers.json; tests/test_live_excel_model_gate.py,
Font,Underline,property,As Variant,,PARTIAL,tests/fixtures/range_format.json; tests/fixtures/format/formats_answers.json; tests/test_live_excel_model_gate.py,"Values other than the five styles, True, False and 3 report unsupported."
GroupShapes,_Default,method,_Default(Index As Variant) As Shape,,MISSING,,
GroupShapes,_NewEnum,"property, read-only",As IUnknown,,MISSING,,
GroupShapes,Application,"property, read-only",As Application,,MISSING,,
GroupShapes,Count,"property, read-only",As Long,,PARTIAL,tests/fixtures/excel_model/probes.txt,
GroupShapes,Creator,"property, read-only",As XlCreator,,MISSING,,
GroupShapes,Item,method,Item(Index As Variant) As Shape,,UNASSESSED,,
GroupShapes,Parent,"property, read-only",As Object,,MISSING,,
GroupShapes,Range,"property, read-only",As ShapeRange,,MISSING,,
Interior,Application,"property, read-only",As Application,,UNASSESSED,,
Interior,Color,property,As Variant,,PARTIAL,tests/fixtures/range_format.json; tests/fixtures/format/formats_answers.json; tests/test_live_excel_model_gate.py,A gradient fill reports unsupported.
Interior,ColorIndex,property,As Variant,,PARTIAL,tests/fixtures/range_format.json; tests/fixtures/format/formats_answers.json; tests/test_live_excel_model_gate.py,A gradient fill reports unsupported.
Interior,Creator,"property, read-only",As XlCreator,,MISSING,,
Interior,Gradient,"property, read-only",As Object,,MISSING,,
Interior,InvertIfNegative,property,As Variant,,MISSING,,
Interior,Parent,"property, read-only",As Object,,UNASSESSED,,
Interior,Pattern,property,As Variant,,PARTIAL,tests/fixtures/range_format.json; tests/fixtures/format/formats_answers.json; tests/test_live_excel_model_gate.py,A gradient fill reports unsupported.
Interior,PatternColor,property,As Variant,,PARTIAL,tests/fixtures/range_format.json; tests/fixtures/format/formats_answers.json; tests/test_live_excel_model_gate.py,A gradient fill reports unsupported.
Interior,PatternColorIndex,property,As Variant,,PARTIAL,tests/fixtures/range_format.json; tests/fixtures/format/formats_answers.json; tests/test_live_excel_model_gate.py,A gradient fill reports unsupported.
Interior,PatternThemeColor,property,As Variant,,PARTIAL,tests/fixtures/range_format.json; tests/fixtures/format/formats_answers.json; tests/test_live_excel_model_gate.py,A gradient fill reports unsupported.
Interior,PatternTintAndShade,property,As Variant,,PARTIAL,tests/fixtures/range_format.json; tests/fixtures/format/formats_answers.json; tests/test_live_excel_model_gate.py,A gradient fill reports unsupported. A tint on an automatic pattern colour or an unfilled cell reports unsupported.
Interior,ThemeColor,property,As Variant,,PARTIAL,tests/fixtures/range_format.json; tests/fixtures/format/formats_answers.json; tests/test_live_excel_model_gate.py,A gradient fill reports unsupported.
Interior,TintAndShade,property,As Variant,,PARTIAL,tests/fixtures/range_format.json; tests/fixtures/format/formats_answers.json; tests/test_live_excel_model_gate.py,A gradient fill reports unsupported. A tint on an automatic colour reports unsupported.
ListColumn,_Default,"property, read-only",As String,,PARTIAL,tests/fixtures/tables/tables.json,The column's name.
ListColumn,Application,"property, read-only",As Application,,MISSING,,
ListColumn,Creator,"property, read-only",As XlCreator,,MISSING,,
ListColumn,DataBodyRange,"property, read-only",As Range,,VERIFIED,tests/fixtures/tables/tables.json,
ListColumn,Delete,method,Delete(),,PARTIAL,tests/fixtures/tables/edits/edits.json,"The column's cells deleted, those right of them moving across, and a structured reference to it #REF!; deleting the only column reports itself."
ListColumn,Index,"property, read-only",As Long,,VERIFIED,tests/fixtures/tables/tables.json,
ListColumn,Name,property,As String,,VERIFIED,tests/fixtures/tables/tables.json; tests/fixtures/structured_references/structured.json,"Setting it renames the column, its header and every formula naming it; a name another column has leaves the column as it was, and an empty one is the first free ColumnN."
ListColumn,Parent,"property, read-only",As Object,,PARTIAL,tests/fixtures/tables/tables.json,
ListColumn,Range,"property, read-only",As Range,,VERIFIED,tests/fixtures/tables/tables.json,
ListColumn,Total,"property, read-only",As Range,,MISSING,,
ListColumn,TotalsCalculation,property,As XlTotalsCalculation,,VERIFIED,tests/fixtures/tables/totals_row/totals_row.json,"Read and set, the totals row shown or hidden: each function its SUBTOTAL, None an empty cell, Custom an empty cell until a formula is written there; read back from a SUBTOTAL, a formula or a label written into the row."
ListColumn,XPath,"property, read-only",As XPath,,MISSING,,
ListColumns,_Default,"property, read-only",As ListColumn,,MISSING,,
ListColumns,_NewEnum,"property, read-only",As IUnknown,,MISSING,,
ListColumns,Add,method,Add([Position As Variant]) As ListColumn,,VERIFIED,tests/fixtures/tables/edits/edits.json,"At the end or at a position, named the first free ColumnN, the cells right of it in the table's rows moving across."
ListColumns,Application,"property, read-only",As Application,,MISSING,,
ListColumns,Count,"property, read-only",As Long,,VERIFIED,tests/fixtures/tables/tables.json,
ListColumns,Creator,"property, read-only",As XlCreator,,MISSING,,
ListColumns,Item,"property, read-only",As ListColumn,,VERIFIED,tests/fixtures/tables/tables.json,"By position or by name, error 9 for neither."
ListColumns,Parent,"property, read-only",As Object,,PARTIAL,tests/fixtures/tables/tables.json,
ListDrawingObject,Selected,not in the type library,,,PARTIAL,tests/fixtures/shapes/inline_controls.json; tests/fixtures/shapes/list_rebinding.json,
ListObject,_Default,"property, read-only",As String,,VERIFIED,tests/fixtures/tables/tables.json,The table's name.
ListObject,Active,"property, read-only",As Boolean,,MISSING,,
ListObject,AlternativeText,property,As String,,MISSING,,
ListObject,Application,"property, read-only",As Application,,MISSING,,
ListObject,AutoFilter,"property, read-only",As AutoFilter,,MISSING,,
ListObject,Comment,property,As String,,MISSING,,
ListObject,Creator,"property, read-only",As XlCreator,,MISSING,,
ListObject,DataBodyRange,"property, read-only",As Range,,VERIFIED,tests/fixtures/tables/tables.json,
ListObject,Delete,method,Delete(),,VERIFIED,tests/fixtures/tables/edits/edits.json,"The table's cells cleared, formats and all, and every reference to it #REF!."
ListObject,DisplayName,property,As String,,PARTIAL,tests/fixtures/tables/tables.json,"The table's name, as Name."
ListObject,DisplayRightToLeft,"property, read-only",As Boolean,,MISSING,,
ListObject,ExportToVisio,method,ExportToVisio(),,MISSING,,
ListObject,HeaderRowRange,"property, read-only",As Range,,VERIFIED,tests/fixtures/tables/tables.json,
ListObject,InsertRowRange,"property, read-only",As Range,,MISSING,,
ListObject,ListColumns,"property, read-only",As ListColumns,,VERIFIED,tests/fixtures/tables/tables.json,
ListObject,ListRows,"property, read-only",As ListRows,,VERIFIED,tests/fixtures/tables/tables.json,
ListObject,Name,property,As String,,PARTIAL,tests/fixtures/tables/tables.json; tests/fixtures/structured_references/structured.json,"Setting it renames the table and every formula naming it; a name that is taken or not a name is error 1004, which is not measured."
ListObject,Parent,"property, read-only",As Object,,VERIFIED,tests/fixtures/tables/tables.json,The sheet.
ListObject,Publish,method,"Publish(Target As Variant, LinkSource As Boolean) As String",,MISSING,,
ListObject,QueryTable,"property, read-only",As QueryTable,,MISSING,,
ListObject,Range,"property, read-only",As Range,,VERIFIED,tests/fixtures/tables/tables.json,
ListObject,Refresh,method,Refresh(),,MISSING,,
ListObject,Resize,method,Resize(Range As Range),,PARTIAL,tests/fixtures/tables/edits/edits.json,"Over a block with the same top-left cell: a column left out is #REF! wherever named, a new one named from its header; a block on another header row is error 1004. Moving the left edge, or a table with a totals row or no header row, reports itself."
ListObject,SharePointURL,"property, read-only",As String,,MISSING,,
ListObject,ShowAutoFilter,property,As Boolean,,PARTIAL,tests/fixtures/tables/tables.json,"Read and set, saved as Excel saves it."
ListObject,ShowAutoFilterDropDown,property,As Boolean,,MISSING,,
ListObject,ShowHeaders,property,As Boolean,,PARTIAL,tests/fixtures/tables/tables.json,Read; showing or hiding the header row reports itself.
ListObject,ShowTableStyleColumnStripes,property,As Boolean,,PARTIAL,tests/fixtures/tables/tables.json,"Read and set, saved as Excel saves it."
ListObject,ShowTableStyleFirstColumn,property,As Boolean,,PARTIAL,tests/fixtures/tables/tables.json,"Read and set, saved as Excel saves it."
ListObject,ShowTableStyleLastColumn,property,As Boolean,,PARTIAL,tests/fixtures/tables/tables.json,"Read and set, saved as Excel saves it."
ListObject,ShowTableStyleRowStripes,property,As Boolean,,PARTIAL,tests/fixtures/tables/tables.json,"Read and set, saved as Excel saves it."
ListObject,ShowTotals,property,As Boolean,,VERIFIED,tests/fixtures/tables/tables.json; tests/fixtures/tables/totals_row/totals_row.json,"Showing the row puts cells in under the table, those below moving down; the first time, the first column says Total and the last adds up, or counts when not all numbers; hiding deletes the cells and keeps what each column totals."
ListObject,Slicers,"property, read-only",As Slicers,,MISSING,,
ListObject,Sort,"property, read-only",As Sort,,MISSING,,
ListObject,SourceType,"property, read-only",As XlListObjectSourceType,,MISSING,,
ListObject,Summary,property,As String,,MISSING,,
ListObject,TableObject,"property, read-only",As TableObject,,MISSING,,
ListObject,TableStyle,property,As Variant,,PARTIAL,tests/fixtures/tables/tables.json,"Read and set, saved as Excel saves it."
ListObject,TotalsRowRange,"property, read-only",As Range,,VERIFIED,tests/fixtures/tables/tables.json,Nothing with no totals row.
ListObject,Unlink,method,Unlink(),,MISSING,,
ListObject,Unlist,method,Unlist(),,PARTIAL,tests/fixtures/tables/edits/edits.json,"Reports itself: Excel turns the table's style into each cell's format, which the model does not."
ListObject,XmlMap,"property, read-only",As XmlMap,,MISSING,,
ListObjects,_Default,"property, read-only",As ListObject,,MISSING,,
ListObjects,_NewEnum,"property, read-only",As IUnknown,,MISSING,,
ListObjects,Add,method,"Add([SourceType As XlListObjectSourceType], [Source As Variant], [LinkSource As Variant], [XlListObjectHasHeaders As XlYesNoGuess], [Destination As Variant], [TableStyleName As Variant]) As ListObject",,PARTIAL,tests/fixtures/tables/tables.json,"Over a range of the sheet: headers from its first row as text, a blank one ColumnN and a repeat numbered, or a header row put in above it; left to guess, text over data takes headers; the first free TableN, TableStyleMedium2; error 1004 over another table. Other sources, and a range over array formulas or merged cells, report themselves."
ListObjects,Application,"property, read-only",As Application,,MISSING,,
ListObjects,Count,"property, read-only",As Long,,VERIFIED,tests/fixtures/tables/tables.json,
ListObjects,Creator,"property, read-only",As XlCreator,,MISSING,,
ListObjects,Item,"property, read-only",As ListObject,,VERIFIED,tests/fixtures/tables/tables.json,"By position or by name, error 9 for neither."
ListObjects,Parent,"property, read-only",As Object,,PARTIAL,tests/fixtures/tables/tables.json,
ListRow,Application,"property, read-only",As Application,,MISSING,,
ListRow,Creator,"property, read-only",As XlCreator,,MISSING,,
ListRow,Delete,method,Delete(),,PARTIAL,tests/fixtures/tables/edits/edits.json,"The row's cells deleted, those under them moving up; deleting the only row of data reports itself."
ListRow,Index,"property, read-only",As Long,,VERIFIED,tests/fixtures/tables/tables.json,
ListRow,Parent,"property, read-only",As Object,,PARTIAL,tests/fixtures/tables/tables.json,
ListRow,Range,"property, read-only",As Range,,VERIFIED,tests/fixtures/tables/tables.json,
ListRows,_Default,"property, read-only",As ListRow,,MISSING,,
ListRows,_NewEnum,"property, read-only",As IUnknown,,MISSING,,
ListRows,Add,method,"Add([Position As Variant], [AlwaysInsert As Variant]) As ListRow",,VERIFIED,tests/fixtures/tables/edits/edits.json,"At the end, above a totals row, or at a position, the table's columns moving down; with AlwaysInsert False over an empty row the table takes the row. A calculated column fills the new row, and a reference to a column's rows stretches over it."
ListRows,Application,"property, read-only",As Application,,MISSING,,
ListRows,Count,"property, read-only",As Long,,VERIFIED,tests/fixtures/tables/tables.json,
ListRows,Creator,"property, read-only",As XlCreator,,MISSING,,
ListRows,Item,"property, read-only",As ListRow,,VERIFIED,tests/fixtures/tables/tables.json,Error 9 past the last row.
ListRows,Parent,"property, read-only",As Object,,PARTIAL,tests/fixtures/tables/tables.json,
Name,_Default,"property, read-only",As String,,MISSING,,
Name,Application,"property, read-only",As Application,,MISSING,,
Name,Category,property,As String,,MISSING,,
Name,CategoryLocal,property,As String,,MISSING,,
Name,Comment,property,As String,,PARTIAL,tests/fixtures/names_crud.json,
Name,Creator,"property, read-only",As XlCreator,,MISSING,,
Name,Delete,method,Delete(),,PARTIAL,tests/fixtures/names_crud.json,
Name,Index,"property, read-only",As Long,,MISSING,,
Name,MacroType,property,As XlXLMMacroType,,MISSING,,
Name,Name,property,As String,,PARTIAL,tests/fixtures/names_crud.json,
Name,NameLocal,property,As String,,UNASSESSED,,
Name,Parent,"property, read-only",As Object,,UNASSESSED,,
Name,RefersTo,property,As Variant,,PARTIAL,tests/fixtures/names_crud.json,
Name,RefersToLocal,property,As Variant,,UNASSESSED,,
Name,RefersToR1C1,property,As Variant,,PARTIAL,tests/fixtures/names_crud.json,
Name,RefersToR1C1Local,property,As Variant,,UNASSESSED,,
Name,RefersToRange,"property, read-only",As Range,,UNASSESSED,,
Name,ShortcutKey,property,As String,,MISSING,,
Name,ValidWorkbookParameter,"property, read-only",As Boolean,,MISSING,,
Name,Value,property,As String,,PARTIAL,tests/fixtures/names_crud.json,
Name,Visible,property,As Boolean,,PARTIAL,tests/fixtures/names_crud.json,
Name,WorkbookParameter,property,As Boolean,,MISSING,,
Names,_Default,method,"_Default([Index As Variant], [IndexLocal As Variant], [RefersTo As Variant]) As Name",,MISSING,,
Names,_NewEnum,"property, read-only",As IUnknown,,MISSING,,
Names,Add,method,"Add([Name As Variant], [RefersTo As Variant], [Visible As Variant], [MacroType As Variant], [ShortcutKey As Variant], [Category As Variant], [NameLocal As Variant], [RefersToLocal As Variant], [CategoryLocal As Variant], [RefersToR1C1 As Variant], [RefersToR1C1Local As Variant]) As Name",,PARTIAL,tests/fixtures/names_crud.json; tests/fixtures/excel_model/probes.txt; tests/fixtures/structured_references/structured.json,"MacroType, ShortcutKey and Category report unsupported. A structured reference in RefersTo is error 1004, as in Excel, and taken in RefersToR1C1."
Names,Application,"property, read-only",As Application,,MISSING,,
Names,Count,"property, read-only",As Long,,PARTIAL,tests/fixtures/names_crud.json; tests/fixtures/excel_model/probes.txt,
Names,Creator,"property, read-only",As XlCreator,,MISSING,,
Names,Item,method,"Item([Index As Variant], [IndexLocal As Variant], [RefersTo As Variant]) As Name","no IndexLocal, RefersTo",UNASSESSED,,
Names,Parent,"property, read-only",As Object,,MISSING,,
Panes,_Default,"property, read-only",As Pane,,MISSING,,
Panes,Application,"property, read-only",As Application,,MISSING,,
Panes,Count,"property, read-only",As Long,,VERIFIED,tests/fixtures/windows/windows.json,
Panes,Creator,"property, read-only",As XlCreator,,MISSING,,
Panes,Item,"property, read-only",As Pane,,PARTIAL,tests/fixtures/windows/windows.json,"A pane, scrolled on its own, reports itself as not implemented."
Panes,Parent,"property, read-only",As Object,,MISSING,,
Protection,AllowDeletingColumns,"property, read-only",As Boolean,,PARTIAL,tests/fixtures/protection.json; tests/fixtures/protection_file.json,"What the last Protect gave, which Unprotect leaves as it was. Saved and read as Excel saves and reads it."
Protection,AllowDeletingRows,"property, read-only",As Boolean,,PARTIAL,tests/fixtures/protection.json; tests/fixtures/protection_file.json,"What the last Protect gave, which Unprotect leaves as it was. Saved and read as Excel saves and reads it."
Protection,AllowEditRanges,"property, read-only",As AllowEditRanges,,MISSING,,
Protection,AllowFiltering,"property, read-only",As Boolean,,PARTIAL,tests/fixtures/protection.json; tests/fixtures/protection_file.json,"What the last Protect gave, which Unprotect leaves as it was. Saved and read as Excel saves and reads it."
Protection,AllowFormattingCells,"property, read-only",As Boolean,,PARTIAL,tests/fixtures/protection.json; tests/fixtures/protection_file.json,"What the last Protect gave, which Unprotect leaves as it was. Saved and read as Excel saves and reads it."
Protection,AllowFormattingColumns,"property, read-only",As Boolean,,PARTIAL,tests/fixtures/protection.json; tests/fixtures/protection_file.json,"What the last Protect gave, which Unprotect leaves as it was. Saved and read as Excel saves and reads it."
Protection,AllowFormattingRows,"property, read-only",As Boolean,,PARTIAL,tests/fixtures/protection.json; tests/fixtures/protection_file.json,"What the last Protect gave, which Unprotect leaves as it was. Saved and read as Excel saves and reads it."
Protection,AllowInsertingColumns,"property, read-only",As Boolean,,PARTIAL,tests/fixtures/protection.json; tests/fixtures/protection_file.json,"What the last Protect gave, which Unprotect leaves as it was. Saved and read as Excel saves and reads it."
Protection,AllowInsertingHyperlinks,"property, read-only",As Boolean,,PARTIAL,tests/fixtures/protection.json; tests/fixtures/protection_file.json,"What the last Protect gave, which Unprotect leaves as it was. Saved and read as Excel saves and reads it."
Protection,AllowInsertingRows,"property, read-only",As Boolean,,PARTIAL,tests/fixtures/protection.json; tests/fixtures/protection_file.json,"What the last Protect gave, which Unprotect leaves as it was. Saved and read as Excel saves and reads it."
Protection,AllowSorting,"property, read-only",As Boolean,,PARTIAL,tests/fixtures/protection.json; tests/fixtures/protection_file.json,"What the last Protect gave, which Unprotect leaves as it was. Saved and read as Excel saves and reads it."
Protection,AllowUsingPivotTables,"property, read-only",As Boolean,,PARTIAL,tests/fixtures/protection.json; tests/fixtures/protection_file.json,"What the last Protect gave, which Unprotect leaves as it was. Saved and read as Excel saves and reads it."
Queries,_Default,"property, read-only",As WorkbookQuery,,MISSING,,
Queries,_NewEnum,"property, read-only",As IUnknown,,MISSING,,
Queries,Add,method,"Add(Name As String, Formula As String, [Description As Variant]) As WorkbookQuery",,UNASSESSED,,
Queries,Application,"property, read-only",As Application,,MISSING,,
Queries,Count,"property, read-only",As Long,,UNASSESSED,,
Queries,Creator,"property, read-only",As XlCreator,,MISSING,,
Queries,FastCombine,property,As Boolean,,MISSING,,
Queries,Item,method,Item(NameOrIndex As Variant) As WorkbookQuery,no NameOrIndex,UNASSESSED,,
Queries,Parent,"property, read-only",As Object,,MISSING,,
Range,_Default,property,As Variant,,MISSING,,
Range,_NewEnum,"property, read-only",As IUnknown,,MISSING,,
Range,Activate,method,Activate() As Variant,,UNASSESSED,,
Range,AddComment,method,AddComment([Text As Variant]) As Comment,,MISSING,,
Range,AddCommentThreaded,method,AddCommentThreaded(Text As String) As CommentThreaded,,MISSING,,
Range,AddIndent,property,As Variant,,PARTIAL,tests/fixtures/range_format.json; tests/fixtures/format/formats_answers.json; tests/test_live_excel_model_gate.py,Measured with distributed alignment only.
Range,Address,"property, read-only",As String,,PARTIAL,tests/fixtures/excel_model/probes.txt,"A1 or R1C1 style; a relative R1C1 part counts from RelativeTo, or from A1 when it is left out, whatever is selected."
Range,AddressLocal,"property, read-only",As String,,PARTIAL,tests/fixtures/excel_model/probes.txt,"The same as Address, as an English Excel has it; the model keeps the English spelling."
Range,AdvancedFilter,method,"AdvancedFilter(Action As XlFilterAction, [CriteriaRange As Variant], [CopyToRange As Variant], [Unique As Variant]) As Variant",,MISSING,,
Range,AllocateChanges,method,AllocateChanges(),,MISSING,,
Range,AllowEdit,"property, read-only",As Boolean,,MISSING,,
Range,Application,"property, read-only",As Application,,UNASSESSED,,
Range,ApplyNames,method,"ApplyNames([Names As Variant], [IgnoreRelativeAbsolute As Variant], [UseRowColumnNames As Variant], [OmitColumn As Variant], [OmitRow As Variant], [Order As XlApplyNamesOrder], [AppendLast As Variant]) As Variant",,MISSING,,
Range,ApplyOutlineStyles,method,ApplyOutlineStyles() As Variant,,MISSING,,
Range,Areas,"property, read-only",As Areas,,PARTIAL,tests/fixtures/excel_model/probes.txt,
Range,AutoComplete,method,AutoComplete(String As String) As String,,MISSING,,
Range,AutoFill,method,"AutoFill(Destination As Range, [Type As XlAutoFillType]) As Variant",,PARTIAL,tests/fixtures/autofill.json,"Every fill type but Flash Fill, down, up or across, with Excel's series of numbers, dates, times, text and names; a trend through three or more uneven numbers, a growth trend, dates whose times differ, a destination running on two ways and merged cells report themselves unsupported."
Range,AutoFilter,method,"AutoFilter([Field As Variant], [Criteria1 As Variant], [Operator As XlAutoFilterOperator], [Criteria2 As Variant], [VisibleDropDown As Variant], [SubField As Variant]) As Variant",,PARTIAL,tests/fixtures/autofilter.json; tests/fixtures/autofilter_file/autofilter_file.json; tests/test_live_excel_model_gate.py,"Criteria of every kind but colour, icon, date-group and dynamic filters other than average; SubField and a hidden drop-down with no criteria report themselves unsupported."
Range,AutoFit,method,AutoFit() As Variant,,PARTIAL,tests/fixtures/dimensions.json; tests/fixtures/dimensions/dimensions_answers.json; tests/fixtures/font_rows.json,"Rows go back to the height their fonts give them and are shown; a row resting on something not measured, or a column whose cells hold values, reports unsupported, because AutoFit measures text."
Range,AutoOutline,method,AutoOutline() As Variant,,MISSING,,
Range,BorderAround,method,"BorderAround([LineStyle As Variant], [Weight As XlBorderWeight], [ColorIndex As XlColorIndex], [Color As Variant], [ThemeColor As Variant]) As Variant",,PARTIAL,tests/fixtures/range_format.json; tests/fixtures/format/formats_answers.json; tests/fixtures/format/border_storage.json; tests/test_live_excel_model_gate.py,The ColorIndex and ThemeColor arguments and the return value are unmeasured.
Range,Borders,"property, read-only",As Borders,,VERIFIED,tests/fixtures/range_format.json; tests/fixtures/format/formats_answers.json; tests/test_live_excel_model_gate.py,
Range,Calculate,method,Calculate() As Variant,,PARTIAL,tests/fixtures/excel_model/probes.txt,Works the range's formulas out again and answers Null.
Range,CalculateRowMajorOrder,method,CalculateRowMajorOrder() As Variant,,MISSING,,
Range,CellControl,"property, read-only",As CellControl,,MISSING,,
Range,Cells,"property, read-only",As Range,,PARTIAL,tests/fixtures/excel_model/probes.txt,
Range,Characters,"property, read-only",As Characters,,MISSING,,
Range,CheckSpelling,method,"CheckSpelling([CustomDictionary As Variant], [IgnoreUppercase As Variant], [AlwaysSuggest As Variant], [SpellLang As Variant]) As Variant",,MISSING,,
Range,Clear,method,Clear() As Variant,,PARTIAL,tests/fixtures/excel_model/probes.txt; tests/fixtures/row_formats/row_formats.json; tests/test_live_excel_model_gate.py; tests/fixtures/autofilter_edits.json,"A position a row or column format reaches keeps a cell in the default format. On a filtered sheet only the visible cells clear, and clearing a filter's whole header row turns the filter off."
Range,ClearComments,method,ClearComments(),,MISSING,,
Range,ClearContents,method,ClearContents([RemoveControls As Variant]) As Variant,no RemoveControls,PARTIAL,tests/fixtures/excel_model/probes.txt; tests/fixtures/row_formats/row_formats.json; tests/fixtures/autofilter_edits.json,"An emptied cell in the format its row or column gives it goes. On a filtered sheet only the visible cells clear, and clearing a filter's whole header row turns the filter off."
Range,ClearFormats,method,ClearFormats() As Variant,,VERIFIED,tests/fixtures/range_format.json; tests/fixtures/format/formats_answers.json; tests/test_live_excel_model_gate.py; tests/fixtures/row_formats/row_formats.json; tests/fixtures/autofilter_edits.json,"Whole rows and columns lose their own formats, and positions a column's or row's format still reaches get a cell in the default format. On a filtered sheet only the visible cells, and clearing a filter's whole header row turns the filter off."
Range,ClearHyperlinks,method,ClearHyperlinks(),,MISSING,,
Range,ClearNotes,method,ClearNotes() As Variant,,MISSING,,
Range,ClearOutline,method,ClearOutline() As Variant,,MISSING,,
Range,Column,"property, read-only",As Long,,PARTIAL,tests/fixtures/excel_model/probes.txt,
Range,ColumnDifferences,method,ColumnDifferences(Comparison As Variant) As Range,,MISSING,,
Range,Columns,"property, read-only",As Range,,PARTIAL,tests/fixtures/excel_model/probes.txt,
Range,ColumnWidth,property,As Variant,,PARTIAL,tests/fixtures/dimensions.json; tests/fixtures/dimensions/dimensions_answers.json,Measured for Aptos Narrow 11 and Calibri 11 as the Normal font on a 96-DPI display; with another Normal font the file's own standard sizes stand. A read across several rows or columns compares inside the sheet's current used block; Excel's can stay larger for the rest of a session after a column is hidden.
Range,Comment,"property, read-only",As Comment,,MISSING,,
Range,CommentThreaded,"property, read-only",As CommentThreaded,,MISSING,,
Range,Consolidate,method,"Consolidate([Sources As Variant], [Function As Variant], [TopRow As Variant], [LeftColumn As Variant], [CreateLinks As Variant]) As Variant",,MISSING,,
Range,ConvertToLinkedDataType,method,"ConvertToLinkedDataType(ServiceID As Long, LanguageCulture As String)",,MISSING,,
Range,Copy,method,Copy([Destination As Variant]) As Variant,,PARTIAL,tests/fixtures/range_copy.json; tests/fixtures/range_copy_names.json; tests/fixtures/row_formats/row_formats.json; tests/fixtures/paste.json; tests/fixtures/autofilter_edits.json,"To a destination, or onto the clipboard for Paste and PasteSpecial. Several areas close up, stacked or side by side, pasting their formulas as the values they show except through PasteSpecial; on a filtered sheet the visible cells go, into each visible block of the destination. Merged cells and destinations over 1,048,576 cells report unsupported. Whole rows and columns carry their formats, and cells the format each one showed."
Range,CopyFromRecordset,method,"CopyFromRecordset(Data As IUnknown, [MaxRows As Variant], [MaxColumns As Variant]) As Long",,MISSING,,
Range,CopyPicture,method,"CopyPicture([Appearance As XlPictureAppearance], [Format As XlCopyPictureFormat]) As Variant",,MISSING,,
Range,Count,"property, read-only",As Long,,PARTIAL,tests/fixtures/excel_model/probes.txt,"The rows of whole rows (Rows.Count is 1048576), the columns of whole columns, else the cells; past a Long, error 6, as Cells.Count is."
Range,CountLarge,"property, read-only",As Variant,,PARTIAL,tests/fixtures/excel_model/probes.txt,"Count as a LongLong: the rows of whole rows, the columns of whole columns, else the cells, Cells.CountLarge 17179869184."
Range,CreateNames,method,"CreateNames([Top As Variant], [Left As Variant], [Bottom As Variant], [Right As Variant]) As Variant",,MISSING,,
Range,Creator,"property, read-only",As XlCreator,,MISSING,,
Range,CurrentArray,"property, read-only",As Range,,VERIFIED,tests/fixtures/excel_model/probes.txt,"The array formula block of the range's first cell, error 1004 when it is part of none."
Range,CurrentRegion,"property, read-only",As Range,,VERIFIED,tests/fixtures/current_region.json,"From the first area's top-left cell, grown while the ring around it holds a value or formula, corners included; merged areas count by their first cell and are taken in whole."
Range,Cut,method,Cut([Destination As Variant]) As Variant,,PARTIAL,tests/fixtures/paste.json; tests/fixtures/excel_model/probes.txt; tests/fixtures/autofilter_edits.json; tests/fixtures/cut_references.json,"Moves cells and every reference wholly inside them, names included, and a formula moved to another sheet keeps pointing where it did; a reference losing a whole edge to the block keeps the rest across sheets and takes the edge along on its own sheet. Merged cells, another workbook, and whole rows or columns with sizes or formats of their own report themselves unsupported. A cut of a filter's whole range moves the filter along its sheet with its criteria cleared, or takes it away to another."
Range,DataSeries,method,"DataSeries([Rowcol As Variant], [Type As XlDataSeriesType], [Date As XlDataSeriesDate], [Step As Variant], [Stop As Variant], [Trend As Variant]) As Variant",,MISSING,,
Range,DataTypeToText,method,DataTypeToText(),,MISSING,,
Range,Delete,method,Delete([Shift As Variant]) As Variant,,PARTIAL,tests/fixtures/range_edit.json; tests/fixtures/excel_model/probes.txt; tests/fixtures/row_formats/row_formats.json; tests/fixtures/autofilter_edits.json; tests/fixtures/cell_shifts.json,"Whole rows and columns rewrite references and take their formats with them, several areas of them the last first. Cells shifted up or left rewrite references as Excel does, a reference reaching outside the shifting band kept unless it loses a whole edge of itself; with no Shift a range taller than it is wide shifts left. Sheets with merges or shapes, several areas of cells, and sheets whose rows or columns carry formats report unsupported. On a filtered sheet a delete takes the visible rows whole, anywhere on the sheet, unless it pulls cells left."
Range,Dependents,"property, read-only",As Range,,MISSING,,
Range,DialogBox,method,DialogBox() As Variant,,MISSING,,
Range,DirectDependents,"property, read-only",As Range,,MISSING,,
Range,DirectPrecedents,"property, read-only",As Range,,MISSING,,
Range,Dirty,method,Dirty(),,MISSING,,
Range,DiscardChanges,method,DiscardChanges(),,MISSING,,
Range,DisplayFormat,"property, read-only",As DisplayFormat,,MISSING,,
Range,EditionOptions,method,"EditionOptions(Type As XlEditionType, Option As XlEditionOptionsOption, [Name As Variant], [Reference As Variant], [Appearance As XlPictureAppearance], [ChartSize As XlPictureAppearance], [Format As Variant]) As Variant",,MISSING,,
Range,End,"property, read-only",As Range,,PARTIAL,tests/fixtures/excel_model/probes.txt; tests/fixtures/current_region.json,Walks over cells with only a format as over empty ones; merged cells and hidden rows are not measured.
Range,EntireColumn,"property, read-only",As Range,,PARTIAL,tests/fixtures/excel_model/probes.txt; tests/fixtures/row_formats/row_formats.json,"Whole rows, whole columns and the whole sheet are formatted through their own formats, as Excel keeps them."
Range,EntireRow,"property, read-only",As Range,,PARTIAL,tests/fixtures/excel_model/probes.txt; tests/fixtures/row_formats/row_formats.json,"Whole rows, whole columns and the whole sheet are formatted through their own formats, as Excel keeps them."
Range,Errors,"property, read-only",As Errors,,MISSING,,
Range,ExportAsFixedFormat,method,"ExportAsFixedFormat(Type As XlFixedFormatType, [Filename As Variant], [Quality As Variant], [IncludeDocProperties As Variant], [IgnorePrintAreas As Variant], [From As Variant], [To As Variant], [OpenAfterPublish As Variant], [FixedFormatExtClassPtr As Variant], [WorkIdentity As Variant])",,MISSING,,
Range,FillDown,method,FillDown() As Variant,,PARTIAL,tests/fixtures/fill.json; tests/fixtures/autofilter_edits.json,"Copies each area's first row over the rest as Copy does; a one-row area fills from the row above. A fill over merged cells reports itself unsupported. On a filtered sheet the first visible row fills every other visible one, and one visible block fills as a range of its own."
Range,FillLeft,method,FillLeft() As Variant,,PARTIAL,tests/fixtures/fill.json; tests/fixtures/autofilter_edits.json,Copies each area's last column over the rest as Copy does; a one-column area fills from the column to its right. A fill over merged cells reports itself unsupported. On a filtered sheet each visible block fills on its own.
Range,FillRight,method,FillRight() As Variant,,PARTIAL,tests/fixtures/fill.json; tests/fixtures/autofilter_edits.json,Copies each area's first column over the rest as Copy does; a one-column area fills from the column to its left. A fill over merged cells reports itself unsupported. On a filtered sheet each visible block fills on its own.
Range,FillUp,method,FillUp() As Variant,,PARTIAL,tests/fixtures/fill.json; tests/fixtures/autofilter_edits.json,"Copies each area's last row over the rest as Copy does; a one-row area fills from the row below. A fill over merged cells reports itself unsupported. On a filtered sheet the last visible row fills every other visible one, and one visible block fills as a range of its own."
Range,Find,method,"Find(What As Variant, [After As Variant], [LookIn As Variant], [LookAt As Variant], [SearchOrder As Variant], [SearchDirection As XlSearchDirection], [MatchCase As Variant], [MatchByte As Variant], [SearchFormat As Variant]) As Range",,PARTIAL,tests/fixtures/range_find.json,"One area only; multi-area, comment and format searches and MatchByte:=True report unsupported."
Range,FindNext,method,FindNext([After As Variant]) As Range,,PARTIAL,tests/fixtures/range_find.json,"One area only; multi-area, comment and format searches and MatchByte:=True report unsupported."
Range,FindPrevious,method,FindPrevious([After As Variant]) As Range,,PARTIAL,tests/fixtures/range_find.json,"One area only; multi-area, comment and format searches and MatchByte:=True report unsupported."
Range,FlashFill,method,FlashFill(),,MISSING,,
Range,Font,"property, read-only",As Font,,PARTIAL,tests/fixtures/excel_model/probes.txt; tests/fixtures/row_formats/row_formats.json,"Whole rows, whole columns and the whole sheet are formatted through their own formats, as Excel keeps them."
Range,FormatConditions,"property, read-only",As FormatConditions,,MISSING,,
Range,Formula,property,As Variant,,PARTIAL,tests/fixtures/formula_a1_arrays.json; tests/fixtures/excel_model/probes.txt; tests/fixtures/number_spelling.json; tests/fixtures/typing_formats.json; tests/fixtures/autofilter_edits.json,"A constant number reads back as Excel spells it there; what is not a formula is typed as Value types it, and a Text cell keeps even a formula as text. On a filtered sheet only the visible cells take it, the formula moving from the range's own top-left cell; a two-dimensional array written to several areas wider than one column reports itself unsupported."
Range,Formula2,property,As Variant,,PARTIAL,tests/fixtures/implicit_intersection.json,"Reads a formula Range.Formula wrote with an @ where it cuts cells to one value, as 2100 live formulas show; writes a formula whose Formula2 is a legacy formula's. A dynamic-array formula, which spills, reports itself."
Range,Formula2Local,property,As Variant,,MISSING,,
Range,Formula2R1C1,property,As Variant,,PARTIAL,tests/fixtures/implicit_intersection.json,"Formula2 in R1C1 notation, read and written as Formula2 is."
Range,Formula2R1C1Local,property,As Variant,,MISSING,,
Range,FormulaArray,property,As Variant,,PARTIAL,tests/fixtures/excel_model/probes.txt; tests/fixtures/formula_storage/formula_storage.json,"One formula worked out as an array over the block, each cell showing its item, in A1 or R1C1, 255 characters at most; one cell of an array rewrites it, part of one is error 1004. Read, it is the array's formula, the formula the cells share, or Null. Saved and read as Excel saves and reads it. Over several areas, or set to a value, it reports itself unsupported, and so do copying part of an array, filling, sorting, replacing and removing duplicates in one."
Range,FormulaHidden,property,As Variant,,VERIFIED,tests/fixtures/range_format.json; tests/fixtures/format/formats_answers.json; tests/test_live_excel_model_gate.py,
Range,FormulaLocal,property,As Variant,,PARTIAL,tests/fixtures/excel_model/probes.txt,"The same as Formula, as an English Excel has it; the model keeps the English spelling."
Range,FormulaR1C1,property,As Variant,,PARTIAL,tests/fixtures/formula_r1c1.json; tests/fixtures/formula_arrays.json; tests/fixtures/autofilter_edits.json,Relative R1C1 inside INDIRECT names is not implemented. On a filtered sheet only the visible cells take it.
Range,FormulaR1C1Local,property,As Variant,,PARTIAL,tests/fixtures/excel_model/probes.txt,"The same as FormulaR1C1, as an English Excel has it; the model keeps the English spelling."
Range,FunctionWizard,method,FunctionWizard() As Variant,,MISSING,,
Range,Group,method,"Group([Start As Variant], [End As Variant], [By As Variant], [Periods As Variant]) As Variant",,MISSING,,
Range,HasArray,"property, read-only",As Variant,,VERIFIED,tests/fixtures/excel_model/probes.txt,"True when the range meets one array formula and its first cell is in it, False when it meets none, Null otherwise."
Range,HasFormula,"property, read-only",As Variant,,PARTIAL,tests/fixtures/value_typing.json; tests/fixtures/typing_formats.json,"Measured on single cells; a block with and without formulas answers Null, as Excel documents rather than as measured."
Range,HasRichDataType,"property, read-only",As Variant,,MISSING,,
Range,HasSpill,"property, read-only",As Variant,,MISSING,,
Range,Height,"property, read-only",As Variant,,PARTIAL,tests/fixtures/dimensions.json; tests/fixtures/dimensions/dimensions_answers.json; tests/fixtures/font_rows.json,"A row grows with its fonts from a measured table of eleven families; one resting on another font, a mix of tables, super- or subscript, or wrapped or turned text keeps its file's height until it changes, then reports unsupported."
Range,Hidden,property,As Variant,,PARTIAL,tests/fixtures/dimensions.json; tests/fixtures/dimensions/dimensions_answers.json; tests/fixtures/autofilter_edits.json,"Hiding every row, or rows down to the last one, makes hidden the sheet's default as Excel does; a block that stops short of the last row is hidden row by row, and whether Excel switches over for a large one was not measured. On a filtered sheet a block with shown rows reaches only those, so showing it does nothing; showing columns there over hidden ones reports itself unsupported."
Range,HorizontalAlignment,property,As Variant,,VERIFIED,tests/fixtures/range_format.json; tests/fixtures/format/formats_answers.json; tests/test_live_excel_model_gate.py,
Range,Hyperlinks,"property, read-only",As Hyperlinks,,MISSING,,
Range,ID,property,As String,,MISSING,,
Range,IndentLevel,property,As Variant,,VERIFIED,tests/fixtures/range_format.json; tests/fixtures/format/formats_answers.json; tests/test_live_excel_model_gate.py,
Range,Insert,method,"Insert([Shift As Variant], [CopyOrigin As Variant]) As Variant",,PARTIAL,tests/fixtures/range_edit.json; tests/fixtures/excel_model/probes.txt; tests/fixtures/row_formats/row_formats.json; tests/fixtures/autofilter_edits.json; tests/fixtures/cell_shifts.json,"Whole rows and columns rewrite references, and a new row or column takes the formats beside it. Cells shifted down or right rewrite references as Excel does and take the formats above or to the left; with no Shift a range taller than it is wide shifts right. Sheets with merges or shapes and several areas of cells report unsupported. Shifting cells on a sheet whose rows or columns carry formats, and CopyOrigin:=xlFormatFromRightOrBelow, report unsupported. On a filtered sheet whole rows go in as many as the range shows, at its top, and inserting cells is error 1004."
Range,InsertIndent,method,InsertIndent(InsertAmount As Long),,MISSING,,
Range,InsertPictureInCell,method,InsertPictureInCell(PictureURI As String),,MISSING,,
Range,Interior,"property, read-only",As Interior,,PARTIAL,tests/fixtures/excel_model/probes.txt; tests/fixtures/row_formats/row_formats.json,"Whole rows, whole columns and the whole sheet are formatted through their own formats, as Excel keeps them."
Range,Item,property,As Variant,no setter,UNASSESSED,,
Range,Justify,method,Justify() As Variant,,MISSING,,
Range,Left,"property, read-only",As Variant,,PARTIAL,tests/fixtures/dimensions.json; tests/fixtures/dimensions/dimensions_answers.json,Measured for Aptos Narrow 11 and Calibri 11 as the Normal font on a 96-DPI display; with another Normal font the file's own standard sizes stand.
Range,LinkedDataTypeState,"property, read-only",As Variant,,MISSING,,
Range,ListHeaderRows,"property, read-only",As Long,,MISSING,,
Range,ListNames,method,ListNames() As Variant,,MISSING,,
Range,ListObject,"property, read-only",As ListObject,,VERIFIED,tests/fixtures/tables/tables.json,"The table the range's first cell is part of, or Nothing."
Range,LocationInTable,"property, read-only",As XlLocationInTable,,MISSING,,
Range,Locked,property,As Variant,,VERIFIED,tests/fixtures/range_format.json; tests/fixtures/format/formats_answers.json; tests/test_live_excel_model_gate.py,
Range,MDX,"property, read-only",As String,,MISSING,,
Range,Merge,method,Merge([Across As Variant]),,PARTIAL,tests/fixtures/range_merge.json,Multi-area merges and across merges over multi-row regions report unsupported; merge formatting is not modeled.
Range,MergeArea,"property, read-only",As Range,,PARTIAL,tests/fixtures/range_merge.json,Multi-area merges and across merges over multi-row regions report unsupported; merge formatting is not modeled.
Range,MergeCells,property,As Variant,,PARTIAL,tests/fixtures/range_merge.json,Multi-area merges and across merges over multi-row regions report unsupported; merge formatting is not modeled.
Range,Name,property,As Variant,,PARTIAL,tests/fixtures/names_crud.json,
Range,NavigateArrow,method,"NavigateArrow([TowardPrecedent As Variant], [ArrowNumber As Variant], [LinkNumber As Variant]) As Variant",,MISSING,,
Range,Next,"property, read-only",As Range,,PARTIAL,tests/fixtures/excel_model/probes.txt,"The cell right of the top-left one, error 1004 past the last column; on a protected sheet, where it moves between unlocked cells, it reports itself unsupported."
Range,NoteText,method,"NoteText([Text As Variant], [Start As Variant], [Length As Variant]) As String",,MISSING,,
Range,NumberFormat,property,As Variant,,PARTIAL,tests/fixtures/excel_model/probes.txt; tests/fixtures/row_formats/row_formats.json; tests/fixtures/typing_formats.json; tests/fixtures/autofilter_edits.json,"Whole rows, whole columns and the whole sheet are formatted through their own formats, as Excel keeps them. On a filtered sheet only the visible cells take a format, as Font, Interior, Borders and alignment do. A code is kept as Excel rewrites it -- a quoted $ bare, codes in their case, a lower-case exponent refused -- except the thousands separator Excel moves when a quoted literal splits the digits."
Range,NumberFormatLocal,property,As Variant,,PARTIAL,tests/fixtures/excel_model/probes.txt,"The same as NumberFormat, as an English Excel has it; the model keeps the English spelling."
Range,Offset,"property, read-only",As Range,,PARTIAL,tests/fixtures/excel_model/probes.txt,
Range,Orientation,property,As Variant,,VERIFIED,tests/fixtures/range_format.json; tests/fixtures/format/formats_answers.json; tests/test_live_excel_model_gate.py,
Range,OutlineLevel,property,As Variant,,MISSING,,
Range,PageBreak,property,As Long,,MISSING,,
Range,Parent,"property, read-only",As Object,,UNASSESSED,,
Range,Parse,method,"Parse([ParseLine As Variant], [Destination As Variant]) As Variant",,MISSING,,
Range,PastePictureInCell,method,PastePictureInCell(),,MISSING,,
Range,PasteSpecial,method,"PasteSpecial([Paste As XlPasteType], [Operation As XlPasteSpecialOperation], [SkipBlanks As Variant], [Transpose As Variant]) As Variant",,PARTIAL,tests/fixtures/paste.json; tests/fixtures/autofilter_edits.json,"Everything, values, formulas, formats, number formats, all but borders and column widths, with operations, skipped blanks and transposing; comments and validation report themselves unsupported. A copy of several areas pastes closed up, each formula moved as far as its own cell; a filtered destination takes the paste whole."
Range,Phonetic,"property, read-only",As Phonetic,,MISSING,,
Range,Phonetics,"property, read-only",As Phonetics,,MISSING,,
Range,PivotCell,"property, read-only",As PivotCell,,MISSING,,
Range,PivotField,"property, read-only",As PivotField,,MISSING,,
Range,PivotItem,"property, read-only",As PivotItem,,MISSING,,
Range,PivotTable,"property, read-only",As PivotTable,,MISSING,,
Range,PlacePictureOverCells,method,PlacePictureOverCells([AsReference As Variant]),,MISSING,,
Range,Precedents,"property, read-only",As Range,,MISSING,,
Range,PrefixCharacter,"property, read-only",As Variant,,PARTIAL,tests/fixtures/value_typing.json; tests/fixtures/typing_formats.json,"The apostrophe a cell was typed with, kept by its format until Clear or ClearFormats and shown while the cell holds text; the Lotus navigation prefixes are not modelled."
Range,Previous,"property, read-only",As Range,,PARTIAL,tests/fixtures/excel_model/probes.txt,"The cell left of the top-left one, error 1004 before column A; on a protected sheet it reports itself unsupported."
Range,PrintOut,method,"PrintOut([From As Variant], [To As Variant], [Copies As Variant], [Preview As Variant], [ActivePrinter As Variant], [PrintToFile As Variant], [Collate As Variant], [PrToFileName As Variant]) As Variant",,MISSING,,
Range,PrintPreview,method,PrintPreview([EnableChanges As Variant]) As Variant,,MISSING,,
Range,QueryTable,"property, read-only",As QueryTable,,MISSING,,
Range,Range,"property, read-only",As Range,,MISSING,,
Range,ReadingOrder,property,As Long,,VERIFIED,tests/fixtures/range_format.json; tests/fixtures/format/formats_answers.json; tests/test_live_excel_model_gate.py,
Range,RefreshLinkedDataType,method,RefreshLinkedDataType([DomainID As Variant]),,MISSING,,
Range,RemoveControls,method,RemoveControls(),,MISSING,,
Range,RemoveDuplicates,method,"RemoveDuplicates([Columns As Variant], [Header As XlYesNoGuess])",,PARTIAL,tests/fixtures/remove_duplicates.json; tests/fixtures/autofilter_edits.json,"Keeps each first row by the columns asked for, matching blanks, errors, text ignoring case and numbers by value and what they show; text beyond ASCII, merged cells and rows or columns with formats of their own report themselves unsupported. Over a filter's range, or all of it but its header, every row counts, the range gives up the rows that went and the filter applies again; other overlaps with a filter's range report themselves unsupported."
Range,RemoveSubtotal,method,RemoveSubtotal() As Variant,,MISSING,,
Range,Replace,method,"Replace(What As Variant, Replacement As Variant, [LookAt As Variant], [SearchOrder As Variant], [MatchCase As Variant], [MatchByte As Variant], [SearchFormat As Variant], [ReplaceFormat As Variant], [FormulaVersion As Variant]) As Boolean",,PARTIAL,tests/fixtures/replace.json; tests/fixtures/autofilter_edits.json,"Edits the text the formula bar shows and types what is left as Excel does; SearchFormat, ReplaceFormat, MatchByte:=True and Formula2 semantics report themselves unsupported. On a filtered sheet only the visible cells change."
Range,ResetContents,method,ResetContents(),,MISSING,,
Range,Resize,"property, read-only",As Range,,PARTIAL,tests/fixtures/excel_model/probes.txt,
Range,Row,"property, read-only",As Long,,PARTIAL,tests/fixtures/excel_model/probes.txt,
Range,RowDifferences,method,RowDifferences(Comparison As Variant) As Range,,MISSING,,
Range,RowHeight,property,As Variant,,PARTIAL,tests/fixtures/dimensions.json; tests/fixtures/dimensions/dimensions_answers.json; tests/fixtures/font_rows.json; tests/fixtures/row_formats/row_formats.json; tests/fixtures/autofilter_edits.json,"On a filtered sheet only the shown rows take a height. A row grows or shrinks with the fonts at its positions -- its cells', its own format's, its columns' -- from a measured table of eleven families beside the Normal font and alone, and a pixel for each medium, thick or double border along it; one resting on another font, a mix of tables, super- or subscript, wrapped or turned text, or a heavy border along a hidden row keeps its file's height until it changes, then reports unsupported. A read across several rows or columns compares inside the sheet's current used block; Excel's can stay larger for the rest of a session after a column is hidden."
Range,Rows,"property, read-only",As Range,,PARTIAL,tests/fixtures/excel_model/probes.txt,
Range,Run,method,"Run([Arg1 As Variant], [Arg2 As Variant], [Arg3 As Variant], [Arg4 As Variant], [Arg5 As Variant], [Arg6 As Variant], [Arg7 As Variant], [Arg8 As Variant], [Arg9 As Variant], [Arg10 As Variant], [Arg11 As Variant], [Arg12 As Variant], [Arg13 As Variant], [Arg14 As Variant], [Arg15 As Variant], [Arg16 As Variant], [Arg17 As Variant], [Arg18 As Variant], [Arg19 As Variant], [Arg20 As Variant], [Arg21 As Variant], [Arg22 As Variant], [Arg23 As Variant], [Arg24 As Variant], [Arg25 As Variant], [Arg26 As Variant], [Arg27 As Variant], [Arg28 As Variant], [Arg29 As Variant], [Arg30 As Variant]) As Variant",,MISSING,,
Range,SavedAsArray,"property, read-only",As Variant,,MISSING,,
Range,Select,method,Select() As Variant,,UNASSESSED,,
Range,ServerActions,"property, read-only",As Actions,,MISSING,,
Range,SetCellDataTypeFromCell,method,SetCellDataTypeFromCell(SourceCell As Range),,MISSING,,
Range,SetPhonetic,method,SetPhonetic(),,MISSING,,
Range,Show,method,Show() As Variant,,MISSING,,
Range,ShowCard,method,ShowCard(),,MISSING,,
Range,ShowDependents,method,ShowDependents([Remove As Variant]) As Variant,,MISSING,,
Range,ShowDetail,property,As Variant,,MISSING,,
Range,ShowErrors,method,ShowErrors() As Variant,,MISSING,,
Range,ShowPrecedents,method,ShowPrecedents([Remove As Variant]) As Variant,,MISSING,,
Range,ShrinkToFit,property,As Variant,,VERIFIED,tests/fixtures/range_format.json; tests/fixtures/format/formats_answers.json; tests/test_live_excel_model_gate.py,
Range,Sort,method,"Sort([Key1 As Variant], [Order1 As XlSortOrder], [Key2 As Variant], [Type As Variant], [Order2 As XlSortOrder], [Key3 As Variant], [Order3 As XlSortOrder], [Header As XlYesNoGuess], [OrderCustom As Variant], [MatchCase As Variant], [Orientation As XlSortOrientation], [SortMethod As XlSortMethod], [DataOption1 As XlSortDataOption], [DataOption2 As XlSortDataOption], [DataOption3 As XlSortDataOption], [SubField1 As Variant]) As Variant",no SubField1,PARTIAL,tests/fixtures/sort.json; tests/fixtures/sort_order.json; tests/fixtures/autofilter_edits.json,"Up to three keys, orders, headers kept, guessed or not, case, orientation and text as numbers, in Excel's order for ASCII text; text beyond ASCII, custom orders, merged cells and several areas report themselves unsupported. On a filtered sheet the visible rows sort among themselves."
Range,SortSpecial,method,"SortSpecial([SortMethod As XlSortMethod], [Key1 As Variant], [Order1 As XlSortOrder], [Type As Variant], [Key2 As Variant], [Order2 As XlSortOrder], [Key3 As Variant], [Order3 As XlSortOrder], [Header As XlYesNoGuess], [OrderCustom As Variant], [MatchCase As Variant], [Orientation As XlSortOrientation], [DataOption1 As XlSortDataOption], [DataOption2 As XlSortDataOption], [DataOption3 As XlSortDataOption]) As Variant",,MISSING,,
Range,SoundNote,"property, read-only",As SoundNote,,MISSING,,
Range,SparklineGroups,"property, read-only",As SparklineGroups,,MISSING,,
Range,Speak,method,"Speak([SpeakDirection As Variant], [SpeakFormulas As Variant])",,MISSING,,
Range,SpecialCells,method,"SpecialCells(Type As XlCellType, [Value As Variant]) As Range",,PARTIAL,tests/fixtures/special_cells.json,"Constants and formulas by kind, blanks, the last cell and visible cells, split into areas as Excel splits them; comments, validation and conditional formats report themselves unsupported."
Range,SpillingToRange,"property, read-only",As Range,,MISSING,,
Range,SpillParent,"property, read-only",As Range,,MISSING,,
Range,Style,property,As Variant,,MISSING,,
Range,SubscribeTo,method,"SubscribeTo(Edition As String, [Format As XlSubscribeToFormat]) As Variant",,MISSING,,
Range,Subtotal,method,"Subtotal(GroupBy As Long, Function As XlConsolidationFunction, TotalList As Variant, [Replace As Variant], [PageBreaks As Variant], [SummaryBelowData As XlSummaryRow]) As Variant",,MISSING,,
Range,Summary,"property, read-only",As Variant,,MISSING,,
Range,Table,method,"Table([RowInput As Variant], [ColumnInput As Variant]) As Variant",,MISSING,,
Range,Text,"property, read-only",As Variant,,PARTIAL,tests/fixtures/excel_model/probes.txt; tests/fixtures/number_formats.json; tests/fixtures/number_spelling.json; tests/fixtures/value_typing.json,"Excel's number formats on a US English system, in a column wide enough for the value; a value a format cannot show fills the column with #. A * fill reports itself unsupported, and a value too wide for its column, which Excel cuts to # or fewer digits, is not modelled."
Range,TextToColumns,method,"TextToColumns([Destination As Variant], [DataType As XlTextParsingType], [TextQualifier As XlTextQualifier], [ConsecutiveDelimiter As Variant], [Tab As Variant], [Semicolon As Variant], [Comma As Variant], [Space As Variant], [Other As Variant], [OtherChar As Variant], [FieldInfo As Variant], [DecimalSeparator As Variant], [ThousandsSeparator As Variant], [TrailingMinusNumbers As Variant]) As Variant",,MISSING,,
Range,TogglePythonMarshalMode,method,TogglePythonMarshalMode([MarshalMode As Variant]),,MISSING,,
Range,Top,"property, read-only",As Variant,,PARTIAL,tests/fixtures/dimensions.json; tests/fixtures/dimensions/dimensions_answers.json; tests/fixtures/font_rows.json,"A row grows with its fonts from a measured table of eleven families; one resting on another font, a mix of tables, super- or subscript, or wrapped or turned text keeps its file's height until it changes, then reports unsupported."
Range,Ungroup,method,Ungroup() As Variant,,MISSING,,
Range,UnMerge,method,UnMerge(),,PARTIAL,tests/fixtures/range_merge.json,Multi-area merges and across merges over multi-row regions report unsupported; merge formatting is not modeled.
Range,UpdatePictureInCellAlternativeText,method,UpdatePictureInCellAlternativeText(AlternativeText As String),,MISSING,,
Range,UseStandardHeight,property,As Variant,,PARTIAL,tests/fixtures/dimensions.json; tests/fixtures/dimensions/dimensions_answers.json,A read across several rows or columns compares inside the sheet's current used block; Excel's can stay larger for the rest of a session after a column is hidden.
Range,UseStandardWidth,property,As Variant,,PARTIAL,tests/fixtures/dimensions.json; tests/fixtures/dimensions/dimensions_answers.json,A read across several rows or columns compares inside the sheet's current used block; Excel's can stay larger for the rest of a session after a column is hidden.
Range,Validation,"property, read-only",As Validation,,VERIFIED,tests/fixtures/validation/validation.json,The rule the range's cells have.
Range,Value,property,As Variant,,PARTIAL,tests/fixtures/excel_model/probes.txt; tests/fixtures/value_typing.json; tests/fixtures/typing_formats.json; tests/fixtures/autofilter_edits.json,"A string is typed as Excel types it, bringing its number format and prefix character, and a number reads as a Date or Currency through its cell's format; what Text shows through those formats waits on the number-format engine. An array fills each area from its first item; on a filtered sheet only the visible cells take a write, and a two-dimensional array written to several areas wider than one column reports itself unsupported."
Range,Value2,property,As Variant,,PARTIAL,tests/fixtures/value_typing.json; tests/fixtures/typing_formats.json; tests/fixtures/autofilter_edits.json,"Reads every number as a Double, and writes a Date or Currency as the Double under it, bringing no format. Writes reach what Value's do."
Range,VerticalAlignment,property,As Variant,,VERIFIED,tests/fixtures/range_format.json; tests/fixtures/format/formats_answers.json; tests/test_live_excel_model_gate.py,
Range,Width,"property, read-only",As Variant,,PARTIAL,tests/fixtures/dimensions.json; tests/fixtures/dimensions/dimensions_answers.json,Measured for Aptos Narrow 11 and Calibri 11 as the Normal font on a 96-DPI display; with another Normal font the file's own standard sizes stand.
Range,Worksheet,"property, read-only",As Worksheet,,PARTIAL,tests/fixtures/excel_model/probes.txt,
Range,WrapText,property,As Variant,,VERIFIED,tests/fixtures/range_format.json; tests/fixtures/format/formats_answers.json; tests/test_live_excel_model_gate.py,
Range,XPath,"property, read-only",As XPath,,MISSING,,
Shape,Adjustments,"property, read-only",As Adjustments,,MISSING,,
Shape,AlternativeText,property,As String,,MISSING,,
Shape,Application,"property, read-only",As Application,,MISSING,,
Shape,Apply,method,Apply(),,MISSING,,
Shape,AutoShapeType,property,As MsoAutoShapeType,no setter,PARTIAL,tests/fixtures/excel_model/probes.txt; tests/fixtures/shapes/excel_shapes.json,
Shape,BackgroundStyle,property,As MsoBackgroundStyleIndex,,MISSING,,
Shape,BlackWhiteMode,property,As MsoBlackWhiteMode,,MISSING,,
Shape,BottomRightCell,"property, read-only",As Range,,PARTIAL,tests/fixtures/excel_model/probes.txt; tests/fixtures/shapes/excel_shapes.json,
Shape,Callout,"property, read-only",As CalloutFormat,,MISSING,,
Shape,Chart,"property, read-only",As Chart,,MISSING,,
Shape,Child,"property, read-only",As MsoTriState,,MISSING,,
Shape,ConnectionSiteCount,"property, read-only",As Long,,MISSING,,
Shape,Connector,"property, read-only",As MsoTriState,,MISSING,,
Shape,ConnectorFormat,"property, read-only",As ConnectorFormat,,MISSING,,
Shape,ControlFormat,"property, read-only",As ControlFormat,,PARTIAL,tests/fixtures/shapes/checkbox_links.json; tests/fixtures/shapes/list_controls.json; tests/fixtures/shapes/numeric_controls.json; tests/fixtures/shapes/radio_controls.json,
Shape,Copy,method,Copy(),,UNASSESSED,,
Shape,CopyPicture,method,"CopyPicture([Appearance As Variant], [Format As Variant])",,MISSING,,
Shape,Creator,"property, read-only",As XlCreator,,MISSING,,
Shape,Cut,method,Cut(),,MISSING,,
Shape,Decorative,property,As MsoTriState,,MISSING,,
Shape,Delete,method,Delete(),,PARTIAL,tests/fixtures/excel_model/probes.txt; tests/fixtures/shapes/excel_shapes.json,
Shape,DrawingObject,not in the type library,,,PARTIAL,tests/fixtures/shapes/inline_controls.json; tests/fixtures/shapes/list_rebinding.json,
Shape,Duplicate,method,Duplicate() As Shape,,MISSING,,
Shape,Fill,"property, read-only",As FillFormat,,MISSING,,
Shape,Flip,method,Flip(FlipCmd As MsoFlipCmd),,MISSING,,
Shape,FormControlType,"property, read-only",As XlFormControl,,MISSING,,
Shape,Glow,"property, read-only",As GlowFormat,,MISSING,,
Shape,GraphicStyle,property,As MsoGraphicStyleIndex,,MISSING,,
Shape,GroupItems,"property, read-only",As GroupShapes,,UNASSESSED,,
Shape,HasChart,"property, read-only",As MsoTriState,,MISSING,,
Shape,HasSmartArt,"property, read-only",As MsoTriState,,MISSING,,
Shape,Height,property,As Single,,PARTIAL,tests/fixtures/excel_model/probes.txt; tests/fixtures/shapes/excel_shapes.json,
Shape,HorizontalFlip,"property, read-only",As MsoTriState,,MISSING,,
Shape,Hyperlink,"property, read-only",As Hyperlink,,MISSING,,
Shape,ID,"property, read-only",As Long,,MISSING,,
Shape,IncrementLeft,method,IncrementLeft(Increment As Single),,MISSING,,
Shape,IncrementRotation,method,IncrementRotation(Increment As Single),,MISSING,,
Shape,IncrementTop,method,IncrementTop(Increment As Single),,MISSING,,
Shape,Left,property,As Single,,PARTIAL,tests/fixtures/excel_model/probes.txt; tests/fixtures/shapes/excel_shapes.json,
Shape,Line,"property, read-only",As LineFormat,,MISSING,,
Shape,LinkFormat,"property, read-only",As LinkFormat,,MISSING,,
Shape,LockAspectRatio,property,As MsoTriState,,MISSING,,
Shape,Locked,property,As Boolean,,MISSING,,
Shape,Model3D,"property, read-only",As Model3DFormat,,MISSING,,
Shape,Name,property,As String,,PARTIAL,tests/fixtures/excel_model/probes.txt; tests/fixtures/shapes/excel_shapes.json,
Shape,Nodes,"property, read-only",As ShapeNodes,,MISSING,,
Shape,OLEFormat,"property, read-only",As OLEFormat,,MISSING,,
Shape,OnAction,property,As String,,PARTIAL,tests/fixtures/excel_model/probes.txt; tests/fixtures/shapes/excel_shapes.json,
Shape,Parent,"property, read-only",As Object,,MISSING,,
Shape,ParentGroup,"property, read-only",As Shape,,MISSING,,
Shape,PickUp,method,PickUp(),,MISSING,,
Shape,PictureFormat,"property, read-only",As PictureFormat,,MISSING,,
Shape,Placement,property,As XlPlacement,no setter,PARTIAL,tests/fixtures/excel_model/probes.txt; tests/fixtures/shapes/excel_shapes.json,
Shape,PlacePictureInCell,method,PlacePictureInCell(),,MISSING,,
Shape,Reflection,"property, read-only",As ReflectionFormat,,MISSING,,
Shape,RerouteConnections,method,RerouteConnections(),,MISSING,,
Shape,Rotation,property,As Single,,MISSING,,
Shape,ScaleHeight,method,"ScaleHeight(Factor As Single, RelativeToOriginalSize As MsoTriState, [Scale As Variant])",,MISSING,,
Shape,ScaleWidth,method,"ScaleWidth(Factor As Single, RelativeToOriginalSize As MsoTriState, [Scale As Variant])",,MISSING,,
Shape,Select,method,Select([Replace As Variant]),,UNASSESSED,,
Shape,SetShapesDefaultProperties,method,SetShapesDefaultProperties(),,MISSING,,
Shape,Shadow,"property, read-only",As ShadowFormat,,MISSING,,
Shape,ShapeStyle,property,As MsoShapeStyleIndex,,MISSING,,
Shape,SmartArt,"property, read-only",As SmartArt,,MISSING,,
Shape,SoftEdge,"property, read-only",As SoftEdgeFormat,,MISSING,,
Shape,TextEffect,"property, read-only",As TextEffectFormat,,MISSING,,
Shape,TextFrame,"property, read-only",As TextFrame,,PARTIAL,tests/fixtures/excel_model/probes.txt; tests/fixtures/shapes/excel_shapes.json,
Shape,TextFrame2,"property, read-only",As TextFrame2,,UNASSESSED,,
Shape,ThreeD,"property, read-only",As ThreeDFormat,,MISSING,,
Shape,Title,property,As String,,MISSING,,
Shape,Top,property,As Single,,PARTIAL,tests/fixtures/excel_model/probes.txt; tests/fixtures/shapes/excel_shapes.json,
Shape,TopLeftCell,"property, read-only",As Range,,PARTIAL,tests/fixtures/excel_model/probes.txt; tests/fixtures/shapes/excel_shapes.json,
Shape,Type,"property, read-only",As MsoShapeType,,PARTIAL,tests/fixtures/excel_model/probes.txt; tests/fixtures/shapes/excel_shapes.json,
Shape,Ungroup,method,Ungroup() As ShapeRange,,MISSING,,
Shape,VerticalFlip,"property, read-only",As MsoTriState,,MISSING,,
Shape,Vertices,"property, read-only",As Variant,,MISSING,,
Shape,Visible,property,As MsoTriState,no setter,PARTIAL,tests/fixtures/excel_model/probes.txt; tests/fixtures/shapes/excel_shapes.json,
Shape,Width,property,As Single,,PARTIAL,tests/fixtures/excel_model/probes.txt; tests/fixtures/shapes/excel_shapes.json,
Shape,ZOrder,method,ZOrder(ZOrderCmd As MsoZOrderCmd),,MISSING,,
Shape,ZOrderPosition,"property, read-only",As Long,,PARTIAL,tests/fixtures/excel_model/probes.txt; tests/fixtures/shapes/excel_shapes.json,
ShapeRange,_Default,method,_Default(Index As Variant) As Shape,,MISSING,,
ShapeRange,_NewEnum,"property, read-only",As IUnknown,,MISSING,,
ShapeRange,Adjustments,"property, read-only",As Adjustments,,MISSING,,
ShapeRange,Align,method,"Align(AlignCmd As MsoAlignCmd, RelativeTo As MsoTriState)",,MISSING,,
ShapeRange,AlternativeText,property,As String,,MISSING,,
ShapeRange,Application,"property, read-only",As Application,,MISSING,,
ShapeRange,Apply,method,Apply(),,MISSING,,
ShapeRange,AutoShapeType,property,As MsoAutoShapeType,,MISSING,,
ShapeRange,BackgroundStyle,property,As MsoBackgroundStyleIndex,,MISSING,,
ShapeRange,BlackWhiteMode,property,As MsoBlackWhiteMode,,MISSING,,
ShapeRange,Callout,"property, read-only",As CalloutFormat,,MISSING,,
ShapeRange,Chart,"property, read-only",As Chart,,MISSING,,
ShapeRange,Child,"property, read-only",As MsoTriState,,MISSING,,
ShapeRange,ConnectionSiteCount,"property, read-only",As Long,,MISSING,,
ShapeRange,Connector,"property, read-only",As MsoTriState,,MISSING,,
ShapeRange,ConnectorFormat,"property, read-only",As ConnectorFormat,,MISSING,,
ShapeRange,Count,"property, read-only",As Long,,PARTIAL,tests/fixtures/excel_model/probes.txt,
ShapeRange,Creator,"property, read-only",As XlCreator,,MISSING,,
ShapeRange,Decorative,property,As MsoTriState,,MISSING,,
ShapeRange,Delete,method,Delete(),,PARTIAL,tests/fixtures/excel_model/probes.txt,
ShapeRange,Distribute,method,"Distribute(DistributeCmd As MsoDistributeCmd, RelativeTo As MsoTriState)",,MISSING,,
ShapeRange,Duplicate,method,Duplicate() As ShapeRange,,MISSING,,
ShapeRange,Fill,"property, read-only",As FillFormat,,MISSING,,
ShapeRange,Flip,method,Flip(FlipCmd As MsoFlipCmd),,MISSING,,
ShapeRange,Glow,"property, read-only",As GlowFormat,,MISSING,,
ShapeRange,GraphicStyle,property,As MsoGraphicStyleIndex,,MISSING,,
ShapeRange,Group,method,Group() As Shape,,UNASSESSED,,
ShapeRange,GroupItems,"property, read-only",As GroupShapes,,MISSING,,
ShapeRange,HasChart,"property, read-only",As MsoTriState,,MISSING,,
ShapeRange,Height,property,As Single,,MISSING,,
ShapeRange,HorizontalFlip,"property, read-only",As MsoTriState,,MISSING,,
ShapeRange,ID,"property, read-only",As Long,,MISSING,,
ShapeRange,IncrementLeft,method,IncrementLeft(Increment As Single),,MISSING,,
ShapeRange,IncrementRotation,method,IncrementRotation(Increment As Single),,MISSING,,
ShapeRange,IncrementTop,method,IncrementTop(Increment As Single),,MISSING,,
ShapeRange,Item,method,Item(Index As Variant) As Shape,,UNASSESSED,,
ShapeRange,Left,property,As Single,,MISSING,,
ShapeRange,Line,"property, read-only",As LineFormat,,MISSING,,
ShapeRange,LockAspectRatio,property,As MsoTriState,,MISSING,,
ShapeRange,Model3D,"property, read-only",As Model3DFormat,,MISSING,,
ShapeRange,Name,property,As String,,MISSING,,
ShapeRange,Nodes,"property, read-only",As ShapeNodes,,MISSING,,
ShapeRange,Parent,"property, read-only",As Object,,MISSING,,
ShapeRange,ParentGroup,"property, read-only",As Shape,,MISSING,,
ShapeRange,PickUp,method,PickUp(),,MISSING,,
ShapeRange,PictureFormat,"property, read-only",As PictureFormat,,MISSING,,
ShapeRange,Reflection,"property, read-only",As ReflectionFormat,,MISSING,,
ShapeRange,Regroup,method,Regroup() As Shape,,MISSING,,
ShapeRange,RerouteConnections,method,RerouteConnections(),,MISSING,,
ShapeRange,Rotation,property,As Single,,MISSING,,
ShapeRange,ScaleHeight,method,"ScaleHeight(Factor As Single, RelativeToOriginalSize As MsoTriState, [Scale As Variant])",,MISSING,,
ShapeRange,ScaleWidth,method,"ScaleWidth(Factor As Single, RelativeToOriginalSize As MsoTriState, [Scale As Variant])",,MISSING,,
ShapeRange,Select,method,Select([Replace As Variant]),,MISSING,,
ShapeRange,SetShapesDefaultProperties,method,SetShapesDefaultProperties(),,MISSING,,
ShapeRange,Shadow,"property, read-only",As ShadowFormat,,MISSING,,
ShapeRange,ShapeStyle,property,As MsoShapeStyleIndex,,MISSING,,
ShapeRange,SoftEdge,"property, read-only",As SoftEdgeFormat,,MISSING,,
ShapeRange,TextEffect,"property, read-only",As TextEffectFormat,,MISSING,,
ShapeRange,TextFrame,"property, read-only",As TextFrame,,MISSING,,
ShapeRange,TextFrame2,"property, read-only",As TextFrame2,,MISSING,,
ShapeRange,ThreeD,"property, read-only",As ThreeDFormat,,MISSING,,
ShapeRange,Title,property,As String,,MISSING,,
ShapeRange,Top,property,As Single,,MISSING,,
ShapeRange,Type,"property, read-only",As MsoShapeType,,MISSING,,
ShapeRange,Ungroup,method,Ungroup() As ShapeRange,,MISSING,,
ShapeRange,VerticalFlip,"property, read-only",As MsoTriState,,MISSING,,
ShapeRange,Vertices,"property, read-only",As Variant,,MISSING,,
ShapeRange,Visible,property,As MsoTriState,,MISSING,,
ShapeRange,Width,property,As Single,,MISSING,,
ShapeRange,ZOrder,method,ZOrder(ZOrderCmd As MsoZOrderCmd),,MISSING,,
ShapeRange,ZOrderPosition,"property, read-only",As Long,,MISSING,,
Shapes,_Default,method,_Default(Index As Variant) As Shape,,MISSING,,
Shapes,_NewEnum,"property, read-only",As IUnknown,,MISSING,,
Shapes,Add3DModel,method,"Add3DModel(Filename As String, [LinkToFile As Variant], [SaveWithDocument As Variant], [Left As Variant], [Top As Variant], [Width As Variant], [Height As Variant]) As Shape",,MISSING,,
Shapes,AddCallout,method,"AddCallout(Type As MsoCalloutType, Left As Single, Top As Single, Width As Single, Height As Single) As Shape",,MISSING,,
Shapes,AddChart2,method,"AddChart2([Style As Variant], [XlChartType As Variant], [Left As Variant], [Top As Variant], [Width As Variant], [Height As Variant], [NewLayout As Variant]) As Shape",,MISSING,,
Shapes,AddConnector,method,"AddConnector(Type As MsoConnectorType, BeginX As Single, BeginY As Single, EndX As Single, EndY As Single) As Shape",,MISSING,,
Shapes,AddCurve,method,AddCurve(SafeArrayOfPoints As Variant) As Shape,,MISSING,,
Shapes,AddFormControl,method,"AddFormControl(Type As XlFormControl, Left As Long, Top As Long, Width As Long, Height As Long) As Shape",,PARTIAL,tests/fixtures/excel_model/probes.txt; tests/fixtures/shapes/list_controls.json; tests/fixtures/shapes/radio_controls.json,
Shapes,AddLabel,method,"AddLabel(Orientation As MsoTextOrientation, Left As Single, Top As Single, Width As Single, Height As Single) As Shape",,MISSING,,
Shapes,AddLine,method,"AddLine(BeginX As Single, BeginY As Single, EndX As Single, EndY As Single) As Shape",,PARTIAL,tests/fixtures/excel_model/probes.txt; tests/fixtures/shapes/excel_shapes.json,
Shapes,AddOLEObject,method,"AddOLEObject([ClassType As Variant], [Filename As Variant], [Link As Variant], [DisplayAsIcon As Variant], [IconFileName As Variant], [IconIndex As Variant], [IconLabel As Variant], [Left As Variant], [Top As Variant], [Width As Variant], [Height As Variant]) As Shape",,MISSING,,
Shapes,AddPicture,method,"AddPicture(Filename As String, LinkToFile As MsoTriState, SaveWithDocument As MsoTriState, Left As Single, Top As Single, Width As Single, Height As Single) As Shape",,MISSING,,
Shapes,AddPicture2,method,"AddPicture2(Filename As String, LinkToFile As MsoTriState, SaveWithDocument As MsoTriState, Left As Single, Top As Single, Width As Single, Height As Single, Compress As MsoPictureCompress) As Shape",,MISSING,,
Shapes,AddPolyline,method,AddPolyline(SafeArrayOfPoints As Variant) As Shape,,MISSING,,
Shapes,AddShape,method,"AddShape(Type As MsoAutoShapeType, Left As Single, Top As Single, Width As Single, Height As Single) As Shape",,PARTIAL,tests/fixtures/excel_model/probes.txt; tests/fixtures/shapes/excel_shapes.json,
Shapes,AddSmartArt,method,"AddSmartArt(Layout As SmartArtLayout, [Left As Variant], [Top As Variant], [Width As Variant], [Height As Variant]) As Shape",,MISSING,,
Shapes,AddTextbox,method,"AddTextbox(Orientation As MsoTextOrientation, Left As Single, Top As Single, Width As Single, Height As Single) As Shape",,PARTIAL,tests/fixtures/excel_model/probes.txt; tests/fixtures/shapes/excel_shapes.json,
Shapes,AddTextEffect,method,"AddTextEffect(PresetTextEffect As MsoPresetTextEffect, Text As String, FontName As String, FontSize As Single, FontBold As MsoTriState, FontItalic As MsoTriState, Left As Single, Top As Single) As Shape",,MISSING,,
Shapes,Application,"property, read-only",As Application,,MISSING,,
Shapes,BuildFreeform,method,"BuildFreeform(EditingType As MsoEditingType, X1 As Single, Y1 As Single) As FreeformBuilder",,MISSING,,
Shapes,Count,"property, read-only",As Long,,PARTIAL,tests/fixtures/excel_model/probes.txt; tests/fixtures/shapes/excel_shapes.json,
Shapes,Creator,"property, read-only",As XlCreator,,MISSING,,
Shapes,Item,method,Item(Index As Variant) As Shape,,UNASSESSED,,
Shapes,Parent,"property, read-only",As Object,,MISSING,,
Shapes,Range,"property, read-only",As ShapeRange,,PARTIAL,tests/fixtures/excel_model/probes.txt; tests/fixtures/shapes/excel_shapes.json,
Shapes,SelectAll,method,SelectAll(),,UNASSESSED,,
Sheets,_Default,"property, read-only",As Object,,MISSING,,
Sheets,_NewEnum,"property, read-only",As IUnknown,,MISSING,,
Sheets,Add,method,"Add([Before As Variant], [After As Variant], [Count As Variant], [Type As Variant]) As Object",,PARTIAL,tests/fixtures/excel_model/probes.txt,
Sheets,Add2,method,"Add2([Before As Variant], [After As Variant], [Count As Variant], [NewLayout As Variant]) As Object",,MISSING,,
Sheets,Application,"property, read-only",As Application,,UNASSESSED,,
Sheets,Copy,method,"Copy([Before As Variant], [After As Variant])",,MISSING,,
Sheets,Count,"property, read-only",As Long,,UNASSESSED,,
Sheets,Creator,"property, read-only",As XlCreator,,MISSING,,
Sheets,Delete,method,Delete(),,MISSING,,
Sheets,FillAcrossSheets,method,"FillAcrossSheets(Range As Range, [Type As XlFillWith])",,MISSING,,
Sheets,HPageBreaks,"property, read-only",As HPageBreaks,,MISSING,,
Sheets,Item,"property, read-only",As Object,,UNASSESSED,,
Sheets,Move,method,"Move([Before As Variant], [After As Variant])",,MISSING,,
Sheets,Parent,"property, read-only",As Object,,UNASSESSED,,
Sheets,PrintOut,method,"PrintOut([From As Variant], [To As Variant], [Copies As Variant], [Preview As Variant], [ActivePrinter As Variant], [PrintToFile As Variant], [Collate As Variant], [PrToFileName As Variant], [IgnorePrintAreas As Variant])",,MISSING,,
Sheets,PrintPreview,method,PrintPreview([EnableChanges As Variant]),,MISSING,,
Sheets,Select,method,Select([Replace As Variant]),,MISSING,,
Sheets,Visible,property,As Variant,,MISSING,,
Sheets,VPageBreaks,"property, read-only",As VPageBreaks,,MISSING,,
Sort,Application,"property, read-only",As Application,,MISSING,,
Sort,Apply,method,Apply(),,PARTIAL,tests/fixtures/sort.json; tests/fixtures/autofilter_edits.json,"Sorts the range by its fields in order, keeping them; a header only with xlYes. Several areas report themselves unsupported. On a filtered sheet the visible rows sort among themselves."
Sort,Creator,"property, read-only",As XlCreator,,MISSING,,
Sort,Header,property,As XlYesNoGuess,,VERIFIED,tests/fixtures/sort.json,xlGuess until set; only xlYes keeps a header when the sort applies.
Sort,MatchCase,property,As Boolean,,VERIFIED,tests/fixtures/sort.json,
Sort,Orientation,property,As XlSortOrientation,,PARTIAL,tests/fixtures/sort.json,Top to bottom measured; left to right follows Range.Sort's rows.
Sort,Parent,"property, read-only",As Object,,MISSING,,
Sort,Rng,"property, read-only",As Range,,UNASSESSED,,
Sort,SetRange,method,SetRange(Rng As Range),,VERIFIED,tests/fixtures/sort.json,
Sort,SortFields,"property, read-only",As SortFields,,VERIFIED,tests/fixtures/sort.json,
Sort,SortMethod,property,As XlSortMethod,,UNASSESSED,,
SortField,Application,"property, read-only",As Application,,MISSING,,
SortField,Creator,"property, read-only",As XlCreator,,MISSING,,
SortField,CustomOrder,property,As Variant,,MISSING,,
SortField,DataOption,property,As XlSortDataOption,,UNASSESSED,,
SortField,Delete,method,Delete(),,MISSING,,
SortField,Key,"property, read-only",As Range,,UNASSESSED,,
SortField,ModifyKey,method,ModifyKey(Key As Range),,MISSING,,
SortField,Order,property,As XlSortOrder,,UNASSESSED,,
SortField,Parent,"property, read-only",As Object,,MISSING,,
SortField,Priority,property,As Long,,MISSING,,
SortField,SetIcon,method,SetIcon(Icon As Icon),,MISSING,,
SortField,SortOn,property,As XlSortOn,,MISSING,,
SortField,SortOnValue,"property, read-only",As Object,,MISSING,,
SortField,SubField,property,As Variant,,MISSING,,
SortFields,_Default,"property, read-only",As SortField,,MISSING,,
SortFields,_NewEnum,"property, read-only",As IUnknown,,MISSING,,
SortFields,Add,method,"Add(Key As Range, [SortOn As Variant], [Order As Variant], [CustomOrder As Variant], [DataOption As Variant]) As SortField",,PARTIAL,tests/fixtures/sort.json,"By value; colours, icons and custom orders report themselves unsupported."
SortFields,Add2,method,"Add2(Key As Range, [SortOn As Variant], [Order As Variant], [CustomOrder As Variant], [DataOption As Variant], [SubField As Variant]) As SortField",,PARTIAL,tests/fixtures/sort.json,As Add; a data type's SubField reports itself unsupported.
SortFields,Application,"property, read-only",As Application,,MISSING,,
SortFields,Clear,method,Clear(),,VERIFIED,tests/fixtures/sort.json,
SortFields,Count,"property, read-only",As Long,,VERIFIED,tests/fixtures/sort.json,Fields stay after Apply.
SortFields,Creator,"property, read-only",As XlCreator,,MISSING,,
SortFields,Item,"property, read-only",As SortField,,UNASSESSED,,
SortFields,Parent,"property, read-only",As Object,,MISSING,,
TextFrame,Application,"property, read-only",As Application,,MISSING,,
TextFrame,AutoMargins,property,As Boolean,,MISSING,,
TextFrame,AutoSize,property,As Boolean,no setter,UNASSESSED,,
TextFrame,Characters,method,"Characters([Start As Variant], [Length As Variant]) As Characters",,PARTIAL,tests/fixtures/excel_model/probes.txt,
TextFrame,Creator,"property, read-only",As XlCreator,,MISSING,,
TextFrame,HorizontalAlignment,property,As XlHAlign,,MISSING,,
TextFrame,HorizontalOverflow,property,As XlOartHorizontalOverflow,,MISSING,,
TextFrame,MarginBottom,property,As Single,,MISSING,,
TextFrame,MarginLeft,property,As Single,,MISSING,,
TextFrame,MarginRight,property,As Single,,MISSING,,
TextFrame,MarginTop,property,As Single,,MISSING,,
TextFrame,Orientation,property,As MsoTextOrientation,,MISSING,,
TextFrame,Parent,"property, read-only",As Object,,MISSING,,
TextFrame,ReadingOrder,property,As Long,,MISSING,,
TextFrame,VerticalAlignment,property,As XlVAlign,,MISSING,,
TextFrame,VerticalOverflow,property,As XlOartVerticalOverflow,,MISSING,,
TextFrame2,Application,"property, read-only",As Object,,MISSING,,
TextFrame2,AutoSize,property,As MsoAutoSize,,MISSING,,
TextFrame2,Column,"property, read-only",As TextColumn2,,MISSING,,
TextFrame2,Creator,"property, read-only",As Long,,MISSING,,
TextFrame2,DeleteText,method,DeleteText(),,MISSING,,
TextFrame2,HasText,"property, read-only",As MsoTriState,,UNASSESSED,,
TextFrame2,HorizontalAnchor,property,As MsoHorizontalAnchor,,MISSING,,
TextFrame2,MarginBottom,property,As Single,,MISSING,,
TextFrame2,MarginLeft,property,As Single,,MISSING,,
TextFrame2,MarginRight,property,As Single,,MISSING,,
TextFrame2,MarginTop,property,As Single,,MISSING,,
TextFrame2,NoTextRotation,property,As MsoTriState,,MISSING,,
TextFrame2,Orientation,property,As MsoTextOrientation,,MISSING,,
TextFrame2,Parent,"property, read-only",As Object,,MISSING,,
TextFrame2,PathFormat,property,As MsoPathFormat,,MISSING,,
TextFrame2,Ruler,"property, read-only",As Ruler2,,MISSING,,
TextFrame2,TextRange,"property, read-only",As TextRange2,,UNASSESSED,,
TextFrame2,ThreeD,"property, read-only",As ThreeDFormat,,MISSING,,
TextFrame2,VerticalAnchor,property,As MsoVerticalAnchor,,MISSING,,
TextFrame2,WarpFormat,property,As MsoWarpFormat,,MISSING,,
TextFrame2,WordArtformat,property,As MsoPresetTextEffect,,MISSING,,
TextFrame2,WordWrap,property,As MsoTriState,,MISSING,,
Validation,Add,method,"Add(Type As XlDVType, [AlertStyle As Variant], [Operator As Variant], [Formula1 As Variant], [Formula2 As Variant])",,PARTIAL,tests/fixtures/validation/validation.json,"Every type, alert style and operator, a list of items or cells, bounds as text, numbers or dates; over cells with a rule it is error 1004, and a rule like one the sheet has joins it. A list read from another sheet, which Excel keeps in the x14 extension, reports itself."
Validation,AlertStyle,"property, read-only",As Long,,VERIFIED,tests/fixtures/validation/validation.json,
Validation,Application,"property, read-only",As Application,,PARTIAL,tests/fixtures/validation/validation.json,
Validation,Creator,"property, read-only",As XlCreator,,MISSING,,
Validation,Delete,method,Delete(),,VERIFIED,tests/fixtures/validation/validation.json,"Takes the cells out of their rules, a rule splitting round them."
Validation,ErrorMessage,property,As String,,VERIFIED,tests/fixtures/validation/validation.json,
Validation,ErrorTitle,property,As String,,VERIFIED,tests/fixtures/validation/validation.json,"Reads """" where the cells have no rule."
Validation,Formula1,"property, read-only",As String,,VERIFIED,tests/fixtures/validation/validation.json,"A list without quotes, a formula moved to the cell asked about, a date as m/d/yyyy and a time as h:mm:ss AM/PM."
Validation,Formula2,"property, read-only",As String,,VERIFIED,tests/fixtures/validation/validation.json,
Validation,IgnoreBlank,property,As Boolean,,VERIFIED,tests/fixtures/validation/validation.json,
Validation,IMEMode,property,As Long,,MISSING,,
Validation,InCellDropdown,property,As Boolean,,VERIFIED,tests/fixtures/validation/validation.json,Saved as Excel's inverted showDropDown.
Validation,InputMessage,property,As String,,VERIFIED,tests/fixtures/validation/validation.json,
Validation,InputTitle,property,As String,,VERIFIED,tests/fixtures/validation/validation.json,"Reads """" where the cells have no rule."
Validation,Modify,method,"Modify([Type As Variant], [AlertStyle As Variant], [Operator As Variant], [Formula1 As Variant], [Formula2 As Variant])",,PARTIAL,tests/fixtures/validation/validation.json,"The type, alert style, operator and bounds of a rule the range is all of; part of a rule reports itself."
Validation,Operator,"property, read-only",As Long,,VERIFIED,tests/fixtures/validation/validation.json,
Validation,Parent,"property, read-only",As Object,,PARTIAL,tests/fixtures/validation/validation.json,The range.
Validation,ShowError,property,As Boolean,,VERIFIED,tests/fixtures/validation/validation.json,
Validation,ShowInput,property,As Boolean,,VERIFIED,tests/fixtures/validation/validation.json,
Validation,Type,"property, read-only",As Long,,VERIFIED,tests/fixtures/validation/validation.json,Error 1004 where a cell of the range has no rule.
Validation,Value,"property, read-only",As Boolean,,PARTIAL,tests/fixtures/validation/validation.json,"Whether the value passes, for every type, measured cell by cell; a range of several cells passes when each does, which is not measured."
Window,Activate,method,Activate() As Variant,,VERIFIED,tests/fixtures/windows/windows.json,
Window,ActivateNext,method,ActivateNext() As Variant,,MISSING,,
Window,ActivatePrevious,method,ActivatePrevious() As Variant,,MISSING,,
Window,ActiveCell,"property, read-only",As Range,,VERIFIED,tests/fixtures/windows/windows.json,
Window,ActiveChart,"property, read-only",As Chart,,MISSING,,
Window,ActivePane,"property, read-only",As Pane,,MISSING,,
Window,ActiveSheet,"property, read-only",As Object,,VERIFIED,tests/fixtures/windows/windows.json,
Window,ActiveSheetView,"property, read-only",As Object,,MISSING,,
Window,Application,"property, read-only",As Application,,VERIFIED,tests/fixtures/windows/windows.json,
Window,AutoFilterDateGrouping,property,As Boolean,,MISSING,,
Window,Caption,property,As Variant,,VERIFIED,tests/fixtures/windows/windows.json,
Window,Close,method,"Close([SaveChanges As Variant], [Filename As Variant], [RouteWorkbook As Variant]) As Boolean",,MISSING,,
Window,Creator,"property, read-only",As XlCreator,,MISSING,,
Window,DisplayDataTypeIcons,property,As Boolean,,MISSING,,
Window,DisplayFormulas,property,As Boolean,,VERIFIED,tests/fixtures/windows/windows.json,
Window,DisplayGridlines,property,As Boolean,,VERIFIED,tests/fixtures/windows/windows.json,
Window,DisplayHeadings,property,As Boolean,,VERIFIED,tests/fixtures/windows/windows.json,
Window,DisplayHorizontalScrollBar,property,As Boolean,,VERIFIED,tests/fixtures/windows/windows.json,
Window,DisplayOutline,property,As Boolean,,MISSING,,
Window,DisplayRightToLeft,property,As Boolean,,MISSING,,
Window,DisplayRuler,property,As Boolean,,MISSING,,
Window,DisplayVerticalScrollBar,property,As Boolean,,VERIFIED,tests/fixtures/windows/windows.json,
Window,DisplayWhitespace,property,As Boolean,,MISSING,,
Window,DisplayWorkbookTabs,property,As Boolean,,VERIFIED,tests/fixtures/windows/windows.json,
Window,DisplayZeros,property,As Boolean,,VERIFIED,tests/fixtures/windows/windows.json,
Window,EnableResize,property,As Boolean,,MISSING,,
Window,FreezePanes,property,As Boolean,,PARTIAL,tests/fixtures/windows/windows.json,"With the active cell out of view or at the window's top left, Excel freezes the middle of the window, which reports itself."
Window,GridlineColor,property,As Long,,MISSING,,
Window,GridlineColorIndex,property,As XlColorIndex,,MISSING,,
Window,Height,property,As Double,,PARTIAL,tests/fixtures/windows/windows.json,"Kept as a macro sets it; before that it is the screen's, which the model does not have, and reading it reports itself."
Window,Hwnd,"property, read-only",As Long,,MISSING,,
Window,Index,"property, read-only",As Long,,VERIFIED,tests/fixtures/windows/windows.json,
Window,LargeScroll,method,"LargeScroll([Down As Variant], [Up As Variant], [ToRight As Variant], [ToLeft As Variant]) As Variant",,MISSING,,
Window,Left,property,As Double,,MISSING,,
Window,NewWindow,method,NewWindow() As Window,,MISSING,,
Window,OnWindow,property,As String,,MISSING,,
Window,Panes,"property, read-only",As Panes,,VERIFIED,tests/fixtures/windows/windows.json,
Window,Parent,"property, read-only",As Object,,VERIFIED,tests/fixtures/windows/windows.json,
Window,PointsToScreenPixelsX,method,PointsToScreenPixelsX(Points As Long) As Long,,MISSING,,
Window,PointsToScreenPixelsY,method,PointsToScreenPixelsY(Points As Long) As Long,,MISSING,,
Window,PrintOut,method,"PrintOut([From As Variant], [To As Variant], [Copies As Variant], [Preview As Variant], [ActivePrinter As Variant], [PrintToFile As Variant], [Collate As Variant], [PrToFileName As Variant]) As Variant",,MISSING,,
Window,PrintPreview,method,PrintPreview([EnableChanges As Variant]) As Variant,,MISSING,,
Window,RangeFromPoint,method,"RangeFromPoint(x As Long, y As Long) As Object",,MISSING,,
Window,RangeSelection,"property, read-only",As Range,,VERIFIED,tests/fixtures/windows/windows.json,
Window,ScrollColumn,property,As Long,,PARTIAL,tests/fixtures/windows/windows.json,Scrolling a window split without being frozen reports itself.
Window,ScrollIntoView,method,"ScrollIntoView(Left As Long, Top As Long, Width As Long, Height As Long, [Start As Variant])",,MISSING,,
Window,ScrollRow,property,As Long,,PARTIAL,tests/fixtures/windows/windows.json,Scrolling a window split without being frozen reports itself.
Window,ScrollWorkbookTabs,method,"ScrollWorkbookTabs([Sheets As Variant], [Position As Variant]) As Variant",,MISSING,,
Window,SelectedSheets,"property, read-only",As Sheets,,MISSING,,
Window,Selection,"property, read-only",As Object,,VERIFIED,tests/fixtures/windows/windows.json,
Window,SheetViews,"property, read-only",As SheetViews,,MISSING,,
Window,SmallScroll,method,"SmallScroll([Down As Variant], [Up As Variant], [ToRight As Variant], [ToLeft As Variant]) As Variant",,MISSING,,
Window,Split,property,As Boolean,,PARTIAL,tests/fixtures/windows/windows.json,"Split = True on a window with no split, which Excel splits at the active cell, reports itself. A split that is not frozen is answered for and not saved: Excel keeps it in twips of what the window shows."
Window,SplitColumn,property,As Long,,PARTIAL,tests/fixtures/windows/windows.json,A split that is not frozen is answered for and not saved: Excel keeps it in twips of what the window shows.
Window,SplitHorizontal,property,As Double,no setter,PARTIAL,tests/fixtures/windows/windows.json,Read only here.
Window,SplitRow,property,As Long,,PARTIAL,tests/fixtures/windows/windows.json,A split that is not frozen is answered for and not saved: Excel keeps it in twips of what the window shows.
Window,SplitVertical,property,As Double,no setter,PARTIAL,tests/fixtures/windows/windows.json,Read only here.
Window,TabRatio,property,As Double,,VERIFIED,tests/fixtures/windows/windows.json,
Window,Top,property,As Double,,MISSING,,
Window,Type,"property, read-only",As XlWindowType,,MISSING,,
Window,UsableHeight,"property, read-only",As Double,,MISSING,,
Window,UsableWidth,"property, read-only",As Double,,MISSING,,
Window,View,property,As XlWindowView,,PARTIAL,tests/fixtures/windows/windows.json,Changing the view of a window with panes reports itself.
Window,Visible,property,As Boolean,,PARTIAL,tests/fixtures/windows/windows.json,True; hiding a workbook's window reports itself.
Window,VisibleRange,"property, read-only",As Range,,MISSING,,
Window,Width,property,As Double,,PARTIAL,tests/fixtures/windows/windows.json,"Kept as a macro sets it; before that it is the screen's, which the model does not have, and reading it reports itself."
Window,WindowNumber,"property, read-only",As Long,,MISSING,,
Window,WindowState,property,As XlWindowState,,PARTIAL,tests/fixtures/windows/windows.json,"Kept as a macro sets it; before that it is the screen's, which the model does not have, and reading it reports itself."
Window,Zoom,property,As Variant,,PARTIAL,tests/fixtures/windows/windows.json,"Zoom = True, which fits the selection to the window, reports itself."
Windows,_Default,"property, read-only",As Window,,MISSING,,
Windows,_NewEnum,"property, read-only",As IUnknown,,MISSING,,
Windows,Application,"property, read-only",As Application,,VERIFIED,tests/fixtures/windows/windows.json,
Windows,Arrange,method,"Arrange([ArrangeStyle As XlArrangeStyle], [ActiveWorkbook As Variant], [SyncHorizontal As Variant], [SyncVertical As Variant]) As Variant",,MISSING,,
Windows,BreakSideBySide,method,BreakSideBySide() As Boolean,,MISSING,,
Windows,CompareSideBySideWith,method,CompareSideBySideWith(WindowName As Variant) As Boolean,,MISSING,,
Windows,Count,"property, read-only",As Long,,VERIFIED,tests/fixtures/windows/windows.json,
Windows,Creator,"property, read-only",As XlCreator,,MISSING,,
Windows,Item,"property, read-only",As Window,,VERIFIED,tests/fixtures/windows/windows.json,"By number front to back, or by caption."
Windows,Parent,"property, read-only",As Object,,VERIFIED,tests/fixtures/windows/windows.json,
Windows,ResetPositionsSideBySide,method,ResetPositionsSideBySide(),,MISSING,,
Windows,SyncScrollingSideBySide,property,As Boolean,,MISSING,,
Workbook,_CodeName,property,As String,,MISSING,,
Workbook,AcceptAllChanges,method,"AcceptAllChanges([When As Variant], [Who As Variant], [Where As Variant])",,MISSING,,
Workbook,AccuracyVersion,property,As Long,,MISSING,,
Workbook,Activate,event,Activate(),,UNASSESSED,,
Workbook,ActiveChart,"property, read-only",As Chart,,MISSING,,
Workbook,ActiveSheet,"property, read-only",As Object,,UNASSESSED,,
Workbook,ActiveSlicer,"property, read-only",As Slicer,,MISSING,,
Workbook,AddinInstall,event,AddinInstall(),,MISSING,,
Workbook,AddinUninstall,event,AddinUninstall(),,MISSING,,
Workbook,AddToFavorites,method,AddToFavorites(),,MISSING,,
Workbook,AfterRemoteChange,event,AfterRemoteChange(),,MISSING,,
Workbook,AfterSave,event,AfterSave(Success As Boolean),,MISSING,,
Workbook,AfterXmlExport,event,"AfterXmlExport(Map As XmlMap, Url As String, Result As XlXmlExportResult)",,MISSING,,
Workbook,AfterXmlImport,event,"AfterXmlImport(Map As XmlMap, IsRefresh As Boolean, Result As XlXmlImportResult)",,MISSING,,
Workbook,Application,"property, read-only",As Application,,UNASSESSED,,
Workbook,ApplyTheme,method,ApplyTheme(Filename As String),,MISSING,,
Workbook,AutoSaveOn,property,As Boolean,,MISSING,,
Workbook,AutoUpdateFrequency,property,As Long,,MISSING,,
Workbook,AutoUpdateSaveChanges,property,As Boolean,,MISSING,,
Workbook,BeforeClose,event,BeforeClose(Cancel As Boolean),,MISSING,,
Workbook,BeforePrint,event,BeforePrint(Cancel As Boolean),,MISSING,,
Workbook,BeforeRemoteChange,event,BeforeRemoteChange(),,MISSING,,
Workbook,BeforeSave,event,"BeforeSave(SaveAsUI As Boolean, Cancel As Boolean)",,MISSING,,
Workbook,BeforeXmlExport,event,"BeforeXmlExport(Map As XmlMap, Url As String, Cancel As Boolean)",,MISSING,,
Workbook,BeforeXmlImport,event,"BeforeXmlImport(Map As XmlMap, Url As String, IsRefresh As Boolean, Cancel As Boolean)",,MISSING,,
Workbook,BreakLink,method,"BreakLink(Name As String, Type As XlLinkType)",,MISSING,,
Workbook,BuiltinDocumentProperties,"property, read-only",As Object,,MISSING,,
Workbook,Calculate,not in the type library,,,UNASSESSED,,
Workbook,CalculationVersion,"property, read-only",As Long,,MISSING,,
Workbook,CanCheckIn,method,CanCheckIn() As Boolean,,MISSING,,
Workbook,CaseSensitive,"property, read-only",As Boolean,,MISSING,,
Workbook,ChangeFileAccess,method,"ChangeFileAccess(Mode As XlFileAccess, [WritePassword As Variant], [Notify As Variant])",,MISSING,,
Workbook,ChangeHistoryDuration,property,As Long,,MISSING,,
Workbook,ChangeLink,method,"ChangeLink(Name As String, NewName As String, [Type As XlLinkType])",,MISSING,,
Workbook,ChartDataPointTrack,property,As Boolean,,MISSING,,
Workbook,Charts,"property, read-only",As Sheets,,MISSING,,
Workbook,CheckCompatibility,property,As Boolean,,MISSING,,
Workbook,CheckIn,method,"CheckIn([SaveChanges As Variant], [Comments As Variant], [MakePublic As Variant])",,MISSING,,
Workbook,CheckInWithVersion,method,"CheckInWithVersion([SaveChanges As Variant], [Comments As Variant], [MakePublic As Variant], [VersionType As Variant])",,MISSING,,
Workbook,Close,method,"Close([SaveChanges As Variant], [Filename As Variant], [RouteWorkbook As Variant])",,UNASSESSED,,
Workbook,CodeName,"property, read-only",As String,,PARTIAL,tests/fixtures/events.json,"ThisWorkbook, or the codeName a file's workbookPr gives; the name of the workbook's own module, which ThisWorkbook names in code."
Workbook,Colors,property,As Variant,,MISSING,,
Workbook,CommandBars,"property, read-only",As CommandBars,,MISSING,,
Workbook,CompatibilityVersion,property,As Long,,MISSING,,
Workbook,ConflictResolution,property,As XlSaveConflictResolution,,MISSING,,
Workbook,Connections,"property, read-only",As Connections,,MISSING,,
Workbook,ConnectionsDisabled,"property, read-only",As Boolean,,MISSING,,
Workbook,Container,"property, read-only",As Object,,MISSING,,
Workbook,ContentTypeProperties,"property, read-only",As MetaProperties,,MISSING,,
Workbook,ConvertComments,method,ConvertComments(),,MISSING,,
Workbook,CreateBackup,"property, read-only",As Boolean,,MISSING,,
Workbook,CreateForecastSheet,method,"CreateForecastSheet(Timeline As Range, Values As Range, [ForecastStart As Variant], [ForecastEnd As Variant], [ConfInt As Variant], [Seasonality As Variant], [DataCompletion As Variant], [Aggregation As Variant], [ChartType As Variant], [ShowStatsTable As Variant])",,MISSING,,
Workbook,Creator,"property, read-only",As XlCreator,,MISSING,,
Workbook,CustomDocumentProperties,"property, read-only",As Object,,MISSING,,
Workbook,CustomViews,"property, read-only",As CustomViews,,MISSING,,
Workbook,CustomXMLParts,"property, read-only",As CustomXMLParts,,MISSING,,
Workbook,Date1904,property,As Boolean,,MISSING,,
Workbook,Deactivate,event,Deactivate(),,MISSING,,
Workbook,DefaultPivotTableStyle,property,As Variant,,MISSING,,
Workbook,DefaultSlicerStyle,property,As Variant,,MISSING,,
Workbook,DefaultTableStyle,property,As Variant,,MISSING,,
Workbook,DefaultTimelineStyle,property,As Variant,,MISSING,,
Workbook,DeleteNumberFormat,method,DeleteNumberFormat(NumberFormat As String),,MISSING,,
Workbook,DisplayDrawingObjects,property,As XlDisplayDrawingObjects,,MISSING,,
Workbook,DisplayInkComments,property,As Boolean,,MISSING,,
Workbook,DocumentInspectors,"property, read-only",As DocumentInspectors,,MISSING,,
Workbook,DocumentLibraryVersions,"property, read-only",As DocumentLibraryVersions,,MISSING,,
Workbook,DoNotPromptForConvert,property,As Boolean,,MISSING,,
Workbook,EnableAutoRecover,property,As Boolean,,MISSING,,
Workbook,EnableConnections,method,EnableConnections(),,MISSING,,
Workbook,EncryptionProvider,property,As String,,MISSING,,
Workbook,EndReview,method,EndReview(),,MISSING,,
Workbook,EnvelopeVisible,property,As Boolean,,MISSING,,
Workbook,Excel4IntlMacroSheets,"property, read-only",As Sheets,,MISSING,,
Workbook,Excel4MacroSheets,"property, read-only",As Sheets,,MISSING,,
Workbook,Excel8CompatibilityMode,"property, read-only",As Boolean,,MISSING,,
Workbook,ExclusiveAccess,method,ExclusiveAccess() As Boolean,,MISSING,,
Workbook,ExportAsFixedFormat,method,"ExportAsFixedFormat(Type As XlFixedFormatType, [Filename As Variant], [Quality As Variant], [IncludeDocProperties As Variant], [IgnorePrintAreas As Variant], [From As Variant], [To As Variant], [OpenAfterPublish As Variant], [FixedFormatExtClassPtr As Variant], [WorkIdentity As Variant])",,MISSING,,
Workbook,ExternalCodeServiceTimeout,property,As Long,,MISSING,,
Workbook,FileFormat,"property, read-only",As XlFileFormat,,MISSING,,
Workbook,Final,property,As Boolean,,MISSING,,
Workbook,FollowHyperlink,method,"FollowHyperlink(Address As String, [SubAddress As Variant], [NewWindow As Variant], [AddHistory As Variant], [ExtraInfo As Variant], [Method As Variant], [HeaderInfo As Variant])",,MISSING,,
Workbook,ForceFullCalculation,property,As Boolean,,MISSING,,
Workbook,ForwardMailer,method,ForwardMailer(),,MISSING,,
Workbook,FullName,"property, read-only",As String,,UNASSESSED,,
Workbook,FullNameURLEncoded,"property, read-only",As String,,MISSING,,
Workbook,GetWorkflowTasks,method,GetWorkflowTasks() As WorkflowTasks,,MISSING,,
Workbook,GetWorkflowTemplates,method,GetWorkflowTemplates() As WorkflowTemplates,,MISSING,,
Workbook,HasPassword,"property, read-only",As Boolean,,MISSING,,
Workbook,HasVBProject,"property, read-only",As Boolean,,MISSING,,
Workbook,HighlightChangesOnScreen,property,As Boolean,,MISSING,,
Workbook,HighlightChangesOptions,method,"HighlightChangesOptions([When As Variant], [Who As Variant], [Where As Variant])",,MISSING,,
Workbook,IconSets,"property, read-only",As IconSets,,MISSING,,
Workbook,InactiveListBorderVisible,property,As Boolean,,MISSING,,
Workbook,IsAddin,property,As Boolean,,MISSING,,
Workbook,IsInplace,"property, read-only",As Boolean,,MISSING,,
Workbook,KeepChangeHistory,property,As Boolean,,MISSING,,
Workbook,LinkInfo,method,"LinkInfo(Name As String, LinkInfo As XlLinkInfo, [Type As Variant], [EditionRef As Variant]) As Variant",,MISSING,,
Workbook,LinkSources,method,LinkSources([Type As Variant]) As Variant,,MISSING,,
Workbook,ListChangesOnNewSheet,property,As Boolean,,MISSING,,
Workbook,LockServerFile,method,LockServerFile(),,MISSING,,
Workbook,Mailer,"property, read-only",As Mailer,,MISSING,,
Workbook,MergeWorkbook,method,MergeWorkbook(Filename As Variant),,MISSING,,
Workbook,Model,"property, read-only",As Model,,MISSING,,
Workbook,ModelChange,event,ModelChange(Changes As ModelChanges),,MISSING,,
Workbook,MultiUserEditing,"property, read-only",As Boolean,,MISSING,,
Workbook,Name,"property, read-only",As String,,UNASSESSED,,
Workbook,Names,"property, read-only",As Names,,PARTIAL,tests/fixtures/names_crud.json; tests/fixtures/excel_model/probes.txt,
Workbook,NewChart,event,NewChart(Ch As Chart),,MISSING,,
Workbook,NewSheet,event,NewSheet(Sh As Object),,MISSING,,
Workbook,NewWindow,method,NewWindow() As Window,,MISSING,,
Workbook,Open,event,Open(),,MISSING,,
Workbook,OpenLinks,method,"OpenLinks(Name As String, [ReadOnly As Variant], [Type As Variant])",,MISSING,,
Workbook,Parent,"property, read-only",As Object,,UNASSESSED,,
Workbook,Password,property,As String,,MISSING,,
Workbook,PasswordEncryptionAlgorithm,"property, read-only",As String,,MISSING,,
Workbook,PasswordEncryptionFileProperties,"property, read-only",As Boolean,,MISSING,,
Workbook,PasswordEncryptionKeyLength,"property, read-only",As Long,,MISSING,,
Workbook,PasswordEncryptionProvider,"property, read-only",As String,,MISSING,,
Workbook,Path,"property, read-only",As String,,UNASSESSED,,
Workbook,Permission,"property, read-only",As Permission,,MISSING,,
Workbook,PersonalViewListSettings,property,As Boolean,,MISSING,,
Workbook,PersonalViewPrintSettings,property,As Boolean,,MISSING,,
Workbook,PivotCaches,method,PivotCaches() As PivotCaches,,MISSING,,
Workbook,PivotTableCloseConnection,event,PivotTableCloseConnection(Target As PivotTable),,MISSING,,
Workbook,PivotTableOpenConnection,event,PivotTableOpenConnection(Target As PivotTable),,MISSING,,
Workbook,PivotTables,"property, read-only",As Object,,MISSING,,
Workbook,Post,method,Post([DestName As Variant]),,MISSING,,
Workbook,PrecisionAsDisplayed,property,As Boolean,,MISSING,,
Workbook,PrintOut,method,"PrintOut([From As Variant], [To As Variant], [Copies As Variant], [Preview As Variant], [ActivePrinter As Variant], [PrintToFile As Variant], [Collate As Variant], [PrToFileName As Variant], [IgnorePrintAreas As Variant])",,MISSING,,
Workbook,PrintPreview,method,PrintPreview([EnableChanges As Variant]),,MISSING,,
Workbook,Protect,method,"Protect([Password As Variant], [Structure As Variant], [Windows As Variant])",,PARTIAL,tests/fixtures/workbook_protection.json,"Protects the structure unless Structure says False; on a protected workbook it needs the password, then sets the structure as Structure says, a Protect with no Structure turning the protection off. A protected structure refuses adding, deleting, renaming, moving, copying and hiding sheets with Excel's errors. Windows does nothing, as in Excel. Saved and read as Excel does; given no password where Excel would ask for one, it reports itself unsupported."
Workbook,ProtectSharing,method,"ProtectSharing([Filename As Variant], [Password As Variant], [WriteResPassword As Variant], [ReadOnlyRecommended As Variant], [CreateBackup As Variant], [SharingPassword As Variant], [FileFormat As Variant])",,MISSING,,
Workbook,ProtectStructure,"property, read-only",As Boolean,,PARTIAL,tests/fixtures/workbook_protection.json,
Workbook,ProtectWindows,"property, read-only",As Boolean,,PARTIAL,tests/fixtures/workbook_protection.json,"False, as in Excel, which takes Protect's Windows and protects nothing with it."
Workbook,PublishObjects,"property, read-only",As PublishObjects,,MISSING,,
Workbook,PublishToPBI,method,"PublishToPBI([PublishType As Variant], [nameConflict As Variant], [bstrGroupName As Variant]) As String",,MISSING,,
Workbook,PurgeChangeHistoryNow,method,"PurgeChangeHistoryNow(Days As Long, [SharingPassword As Variant])",,MISSING,,
Workbook,Queries,"property, read-only",As Queries,,UNASSESSED,,
Workbook,ReadOnly,"property, read-only",As Boolean,,MISSING,,
Workbook,ReadOnlyRecommended,property,As Boolean,,MISSING,,
Workbook,RefreshAll,method,RefreshAll(),,UNASSESSED,,
Workbook,RejectAllChanges,method,"RejectAllChanges([When As Variant], [Who As Variant], [Where As Variant])",,MISSING,,
Workbook,ReloadAs,method,ReloadAs(Encoding As MsoEncoding),,MISSING,,
Workbook,RemoveDocumentInformation,method,RemoveDocumentInformation(RemoveDocInfoType As XlRemoveDocInfoType),,MISSING,,
Workbook,RemovePersonalInformation,property,As Boolean,,MISSING,,
Workbook,RemoveUser,method,RemoveUser(Index As Long),,MISSING,,
Workbook,Reply,method,Reply(),,MISSING,,
Workbook,ReplyAll,method,ReplyAll(),,MISSING,,
Workbook,ReplyWithChanges,method,ReplyWithChanges([ShowMessage As Variant]),,MISSING,,
Workbook,Research,"property, read-only",As Research,,MISSING,,
Workbook,ResetColors,method,ResetColors(),,MISSING,,
Workbook,RevisionNumber,"property, read-only",As Long,,MISSING,,
Workbook,RowsetComplete,event,"RowsetComplete(Description As String, Sheet As String, Success As Boolean)",,MISSING,,
Workbook,RunAutoMacros,method,RunAutoMacros(Which As XlRunAutoMacro),,MISSING,,
Workbook,Save,method,Save(),,UNASSESSED,,
Workbook,SaveAs,method,"SaveAs([Filename As Variant], [FileFormat As Variant], [Password As Variant], [WriteResPassword As Variant], [ReadOnlyRecommended As Variant], [CreateBackup As Variant], [AccessMode As XlSaveAsAccessMode], [ConflictResolution As Variant], [AddToMru As Variant], [TextCodepage As Variant], [TextVisualLayout As Variant], [Local As Variant], [WorkIdentity As Variant])","no FileFormat, Password, WriteResPassword, ReadOnlyRecommended, CreateBackup, AccessMode, ConflictResolution, AddToMru, TextCodepage, TextVisualLayout, Local, WorkIdentity",UNASSESSED,,
Workbook,SaveAsXMLData,method,"SaveAsXMLData(Filename As String, Map As XmlMap)",,MISSING,,
Workbook,SaveCopyAs,method,SaveCopyAs([Filename As Variant]),,MISSING,,
Workbook,Saved,property,As Boolean,,UNASSESSED,,
Workbook,SaveLinkValues,property,As Boolean,,MISSING,,
Workbook,SendFaxOverInternet,method,"SendFaxOverInternet([Recipients As Variant], [Subject As Variant], [ShowMessage As Variant])",,MISSING,,
Workbook,SendForReview,method,"SendForReview([Recipients As Variant], [Subject As Variant], [ShowMessage As Variant], [IncludeAttachment As Variant])",,MISSING,,
Workbook,SendMail,method,"SendMail(Recipients As Variant, [Subject As Variant], [ReturnReceipt As Variant])",,MISSING,,
Workbook,SendMailer,method,"SendMailer([FileFormat As Variant], [Priority As XlPriority])",,MISSING,,
Workbook,SensitivityLabel,"property, read-only",As ISensitivityLabel,,MISSING,,
Workbook,ServerPolicy,"property, read-only",As ServerPolicy,,MISSING,,
Workbook,ServerViewableItems,"property, read-only",As ServerViewableItems,,MISSING,,
Workbook,SetLinkOnData,method,"SetLinkOnData(Name As String, [Procedure As Variant])",,MISSING,,
Workbook,SetPasswordEncryptionOptions,method,"SetPasswordEncryptionOptions([PasswordEncryptionProvider As Variant], [PasswordEncryptionAlgorithm As Variant], [PasswordEncryptionKeyLength As Variant], [PasswordEncryptionFileProperties As Variant])",,MISSING,,
Workbook,SharedWorkspace,"property, read-only",As SharedWorkspace,,MISSING,,
Workbook,SheetActivate,event,SheetActivate(Sh As Object),,MISSING,,
Workbook,SheetBeforeDelete,event,SheetBeforeDelete(Sh As Object),,MISSING,,
Workbook,SheetBeforeDoubleClick,event,"SheetBeforeDoubleClick(Sh As Object, Target As Range, Cancel As Boolean)",,MISSING,,
Workbook,SheetBeforeRightClick,event,"SheetBeforeRightClick(Sh As Object, Target As Range, Cancel As Boolean)",,MISSING,,
Workbook,SheetCalculate,event,SheetCalculate(Sh As Object),,MISSING,,
Workbook,SheetChange,event,"SheetChange(Sh As Object, Target As Range)",,MISSING,,
Workbook,SheetDeactivate,event,SheetDeactivate(Sh As Object),,MISSING,,
Workbook,SheetFollowHyperlink,event,"SheetFollowHyperlink(Sh As Object, Target As Hyperlink)",,MISSING,,
Workbook,SheetLensGalleryRenderComplete,event,SheetLensGalleryRenderComplete(Sh As Object),,MISSING,,
Workbook,SheetPivotTableAfterValueChange,event,"SheetPivotTableAfterValueChange(Sh As Object, TargetPivotTable As PivotTable, TargetRange As Range)",,MISSING,,
Workbook,SheetPivotTableBeforeAllocateChanges,event,"SheetPivotTableBeforeAllocateChanges(Sh As Object, TargetPivotTable As PivotTable, ValueChangeStart As Long, ValueChangeEnd As Long, Cancel As Boolean)",,MISSING,,
Workbook,SheetPivotTableBeforeCommitChanges,event,"SheetPivotTableBeforeCommitChanges(Sh As Object, TargetPivotTable As PivotTable, ValueChangeStart As Long, ValueChangeEnd As Long, Cancel As Boolean)",,MISSING,,
Workbook,SheetPivotTableBeforeDiscardChanges,event,"SheetPivotTableBeforeDiscardChanges(Sh As Object, TargetPivotTable As PivotTable, ValueChangeStart As Long, ValueChangeEnd As Long)",,MISSING,,
Workbook,SheetPivotTableChangeSync,event,"SheetPivotTableChangeSync(Sh As Object, Target As PivotTable)",,MISSING,,
Workbook,SheetPivotTableUpdate,event,"SheetPivotTableUpdate(Sh As Object, Target As PivotTable)",,MISSING,,
Workbook,Sheets,"property, read-only",As Sheets,,UNASSESSED,,
Workbook,SheetSelectionChange,event,"SheetSelectionChange(Sh As Object, Target As Range)",,MISSING,,
Workbook,SheetTableUpdate,event,"SheetTableUpdate(Sh As Object, Target As TableObject)",,MISSING,,
Workbook,ShowConflictHistory,property,As Boolean,,MISSING,,
Workbook,ShowPivotChartActiveFields,property,As Boolean,,MISSING,,
Workbook,ShowPivotTableFieldList,property,As Boolean,,MISSING,,
Workbook,Signatures,"property, read-only",As SignatureSet,,MISSING,,
Workbook,SlicerCaches,"property, read-only",As SlicerCaches,,MISSING,,
Workbook,SmartDocument,"property, read-only",As SmartDocument,,MISSING,,
Workbook,Styles,"property, read-only",As Styles,,MISSING,,
Workbook,Sync,event,Sync(SyncEventType As MsoSyncEventType),,MISSING,,
Workbook,TableStyles,"property, read-only",As TableStyles,,MISSING,,
Workbook,TemplateRemoveExtData,property,As Boolean,,MISSING,,
Workbook,Theme,"property, read-only",As OfficeTheme,,MISSING,,
Workbook,ToggleFormsDesign,method,ToggleFormsDesign(),,MISSING,,
Workbook,Unprotect,method,Unprotect([Password As Variant]),,PARTIAL,tests/fixtures/workbook_protection.json,"The password matched case and all, any opening a workbook that has none; given none where Excel would ask in a dialog, it reports itself unsupported."
Workbook,UnprotectSharing,method,UnprotectSharing([SharingPassword As Variant]),,MISSING,,
Workbook,UpdateFromFile,method,UpdateFromFile(),,MISSING,,
Workbook,UpdateLink,method,"UpdateLink([Name As Variant], [Type As Variant])",,MISSING,,
Workbook,UpdateLinks,property,As XlUpdateLinks,,MISSING,,
Workbook,UpdateRemoteReferences,property,As Boolean,,MISSING,,
Workbook,UserStatus,"property, read-only",As Variant,,MISSING,,
Workbook,UseWholeCellCriteria,"property, read-only",As Boolean,,MISSING,,
Workbook,UseWildcards,"property, read-only",As Boolean,,MISSING,,
Workbook,VBASigned,"property, read-only",As Boolean,,MISSING,,
Workbook,VBProject,"property, read-only",As VBProject,,UNASSESSED,,
Workbook,WebOptions,"property, read-only",As WebOptions,,MISSING,,
Workbook,WebPagePreview,method,WebPagePreview(),,MISSING,,
Workbook,WindowActivate,event,WindowActivate(Wn As Window),,MISSING,,
Workbook,WindowDeactivate,event,WindowDeactivate(Wn As Window),,MISSING,,
Workbook,WindowResize,event,WindowResize(Wn As Window),,MISSING,,
Workbook,Windows,"property, read-only",As Windows,,VERIFIED,tests/fixtures/windows/windows.json,
Workbook,WorkIdentity,property,As String,,MISSING,,
Workbook,Worksheets,"property, read-only",As Sheets,,PARTIAL,tests/fixtures/excel_model/probes.txt,
Workbook,WritePassword,property,As String,,MISSING,,
Workbook,WriteReserved,"property, read-only",As Boolean,,MISSING,,
Workbook,WriteReservedBy,"property, read-only",As String,,MISSING,,
Workbook,XmlImport,method,"XmlImport(Url As String, ImportMap As XmlMap, [Overwrite As Variant], [Destination As Variant]) As XlXmlImportResult",,MISSING,,
Workbook,XmlImportXml,method,"XmlImportXml(Data As String, ImportMap As XmlMap, [Overwrite As Variant], [Destination As Variant]) As XlXmlImportResult",,MISSING,,
Workbook,XmlMaps,"property, read-only",As XmlMaps,,MISSING,,
Workbook,XmlNamespaces,"property, read-only",As XmlNamespaces,,MISSING,,
WorkbookQuery,_Default,property,As String,,MISSING,,
WorkbookQuery,Application,"property, read-only",As Application,,MISSING,,
WorkbookQuery,Creator,"property, read-only",As XlCreator,,MISSING,,
WorkbookQuery,Delete,method,Delete([DeleteConnection As Variant]),no DeleteConnection,UNASSESSED,,
WorkbookQuery,Description,property,As String,no setter,UNASSESSED,,
WorkbookQuery,Formula,property,As String,,UNASSESSED,,
WorkbookQuery,Name,property,As String,no setter,UNASSESSED,,
WorkbookQuery,Parent,"property, read-only",As Object,,MISSING,,
WorkbookQuery,Refresh,method,Refresh(),,UNASSESSED,,
Workbooks,_Default,"property, read-only",As Workbook,,MISSING,,
Workbooks,_NewEnum,"property, read-only",As IUnknown,,MISSING,,
Workbooks,Add,method,Add([Template As Variant]) As Workbook,,PARTIAL,tests/fixtures/workbook_copy.json,Template other than a worksheet workbook reports unsupported.
Workbooks,Application,"property, read-only",As Application,,UNASSESSED,,
Workbooks,CanCheckOut,method,CanCheckOut(Filename As String) As Boolean,,MISSING,,
Workbooks,CheckOut,method,CheckOut(Filename As String),,MISSING,,
Workbooks,Close,method,Close(),,MISSING,,
Workbooks,Count,"property, read-only",As Long,,UNASSESSED,,
Workbooks,Creator,"property, read-only",As XlCreator,,MISSING,,
Workbooks,Item,"property, read-only",As Workbook,,UNASSESSED,,
Workbooks,Open,method,"Open(Filename As String, [UpdateLinks As Variant], [ReadOnly As Variant], [Format As Variant], [Password As Variant], [WriteResPassword As Variant], [IgnoreReadOnlyRecommended As Variant], [Origin As Variant], [Delimiter As Variant], [Editable As Variant], [Notify As Variant], [Converter As Variant], [AddToMru As Variant], [Local As Variant], [CorruptLoad As Variant]) As Workbook","no UpdateLinks, ReadOnly, Format, Password, WriteResPassword, IgnoreReadOnlyRecommended, Origin, Delimiter, Editable, Notify, Converter, AddToMru, Local, CorruptLoad",UNASSESSED,,
Workbooks,OpenDatabase,method,"OpenDatabase(Filename As String, [CommandText As Variant], [CommandType As Variant], [BackgroundQuery As Variant], [ImportDataAs As Variant]) As Workbook",,MISSING,,
Workbooks,OpenText,method,"OpenText(Filename As String, [Origin As Variant], [StartRow As Variant], [DataType As Variant], [TextQualifier As XlTextQualifier], [ConsecutiveDelimiter As Variant], [Tab As Variant], [Semicolon As Variant], [Comma As Variant], [Space As Variant], [Other As Variant], [OtherChar As Variant], [FieldInfo As Variant], [TextVisualLayout As Variant], [DecimalSeparator As Variant], [ThousandsSeparator As Variant], [TrailingMinusNumbers As Variant], [Local As Variant])",,MISSING,,
Workbooks,OpenXML,method,"OpenXML(Filename As String, [Stylesheets As Variant], [LoadOption As Variant]) As Workbook",,MISSING,,
Workbooks,Parent,"property, read-only",As Object,,UNASSESSED,,
Worksheet,_CodeName,property,As String,,MISSING,,
Worksheet,_Evaluate,method,_Evaluate(Name As Variant) As Variant,,MISSING,,
Worksheet,Activate,event,Activate(),,UNASSESSED,,
Worksheet,Application,"property, read-only",As Application,,UNASSESSED,,
Worksheet,AutoFilter,"property, read-only",As AutoFilter,,PARTIAL,tests/fixtures/autofilter.json; tests/fixtures/autofilter_file/autofilter_file.json; tests/test_live_excel_model_gate.py,
Worksheet,AutoFilterMode,property,As Boolean,,PARTIAL,tests/fixtures/autofilter.json; tests/fixtures/autofilter_file/autofilter_file.json; tests/test_live_excel_model_gate.py,Setting it to True reports itself unsupported.
Worksheet,BeforeDelete,event,BeforeDelete(),,MISSING,,
Worksheet,BeforeDoubleClick,event,"BeforeDoubleClick(Target As Range, Cancel As Boolean)",,MISSING,,
Worksheet,BeforeRightClick,event,"BeforeRightClick(Target As Range, Cancel As Boolean)",,MISSING,,
Worksheet,Calculate,event,Calculate(),,UNASSESSED,,
Worksheet,Cells,"property, read-only",As Range,,UNASSESSED,,
Worksheet,Change,event,Change(Target As Range),,MISSING,,
Worksheet,ChartObjects,method,ChartObjects([Index As Variant]) As Object,,MISSING,,
Worksheet,CheckSpelling,method,"CheckSpelling([CustomDictionary As Variant], [IgnoreUppercase As Variant], [AlwaysSuggest As Variant], [SpellLang As Variant])",,MISSING,,
Worksheet,CircleInvalid,method,CircleInvalid(),,MISSING,,
Worksheet,CircularReference,"property, read-only",As Range,,MISSING,,
Worksheet,ClearArrows,method,ClearArrows(),,MISSING,,
Worksheet,ClearCircles,method,ClearCircles(),,MISSING,,
Worksheet,CodeName,"property, read-only",As String,,PARTIAL,tests/fixtures/events.json,"The codeName a file's sheetPr gives, else Sheet1, Sheet2 by place; Sheet1 for a new workbook's sheet, and nothing for a sheet a macro adds, as measured. It names the sheet in code, Sheet1.Range, and the sheet's own module. Only the VBE can change it."
Worksheet,Columns,"property, read-only",As Range,,UNASSESSED,,
Worksheet,Comments,"property, read-only",As Comments,,MISSING,,
Worksheet,CommentsThreaded,"property, read-only",As CommentsThreaded,,MISSING,,
Worksheet,ConsolidationFunction,"property, read-only",As XlConsolidationFunction,,MISSING,,
Worksheet,ConsolidationOptions,"property, read-only",As Variant,,MISSING,,
Worksheet,ConsolidationSources,"property, read-only",As Variant,,MISSING,,
Worksheet,Copy,method,"Copy([Before As Variant], [After As Variant])",,PARTIAL,tests/fixtures/workbook_copy.json,"Sheets with drawings, controls, tables, validation, conditional formats or comments, and name clashes, report unsupported."
Worksheet,Creator,"property, read-only",As XlCreator,,MISSING,,
Worksheet,CustomProperties,"property, read-only",As CustomProperties,,MISSING,,
Worksheet,Deactivate,event,Deactivate(),,MISSING,,
Worksheet,Delete,method,Delete(),,UNASSESSED,,
Worksheet,DisplayPageBreaks,property,As Boolean,,MISSING,,
Worksheet,DisplayRightToLeft,property,As Boolean,,MISSING,,
Worksheet,DrawingObjects,not in the type library,,,UNASSESSED,,
Worksheet,EnableAutoFilter,property,As Boolean,,MISSING,,
Worksheet,EnableCalculation,property,As Boolean,,MISSING,,
Worksheet,EnableFormatConditionsCalculation,property,As Boolean,,MISSING,,
Worksheet,EnableOutlining,property,As Boolean,,MISSING,,
Worksheet,EnablePivotTable,property,As Boolean,,MISSING,,
Worksheet,EnableSelection,property,As XlEnableSelection,,PARTIAL,tests/fixtures/protection.json; tests/fixtures/protection_file.json,"Kept as set, and saved and read as Excel does; the model has no selection to restrict."
Worksheet,Evaluate,method,Evaluate(Name As Variant) As Variant,,PARTIAL,tests/fixtures/evaluate.json,"As Application.Evaluate, with references on this sheet rather than the active one."
Worksheet,ExportAsFixedFormat,method,"ExportAsFixedFormat(Type As XlFixedFormatType, [Filename As Variant], [Quality As Variant], [IncludeDocProperties As Variant], [IgnorePrintAreas As Variant], [From As Variant], [To As Variant], [OpenAfterPublish As Variant], [FixedFormatExtClassPtr As Variant], [WorkIdentity As Variant])",,MISSING,,
Worksheet,FilterMode,"property, read-only",As Boolean,,PARTIAL,tests/fixtures/autofilter.json; tests/fixtures/autofilter_file/autofilter_file.json; tests/test_live_excel_model_gate.py,
Worksheet,FollowHyperlink,event,FollowHyperlink(Target As Hyperlink),,MISSING,,
Worksheet,HPageBreaks,"property, read-only",As HPageBreaks,,MISSING,,
Worksheet,Hyperlinks,"property, read-only",As Hyperlinks,,MISSING,,
Worksheet,Index,"property, read-only",As Long,,PARTIAL,tests/fixtures/excel_model/probes.txt,
Worksheet,LensGalleryRenderComplete,event,LensGalleryRenderComplete(),,MISSING,,
Worksheet,ListObjects,"property, read-only",As ListObjects,,PARTIAL,tests/fixtures/tables/tables.json,"The sheet's tables, read from a file or made by ListObjects.Add."
Worksheet,MailEnvelope,"property, read-only",As MsoEnvelope,,MISSING,,
Worksheet,Move,method,"Move([Before As Variant], [After As Variant])",,PARTIAL,tests/fixtures/sheet_move.json,"Moves needing external links, name clashes, drawings or reserved sheet names report unsupported."
Worksheet,Name,property,As String,,PARTIAL,tests/fixtures/excel_model/probes.txt,
Worksheet,NamedSheetViews,"property, read-only",As NamedSheetViewCollection,,MISSING,,
Worksheet,Names,"property, read-only",As Names,,PARTIAL,tests/fixtures/names_crud.json,
Worksheet,Next,"property, read-only",As Object,,PARTIAL,tests/fixtures/excel_model/probes.txt,"The sheet after, Nothing after the last."
Worksheet,OLEObjects,method,OLEObjects([Index As Variant]) As Object,,MISSING,,
Worksheet,Outline,"property, read-only",As Outline,,MISSING,,
Worksheet,PageSetup,"property, read-only",As PageSetup,,MISSING,,
Worksheet,Parent,"property, read-only",As Object,,UNASSESSED,,
Worksheet,Paste,method,"Paste([Destination As Variant], [Link As Variant])",,PARTIAL,tests/fixtures/paste.json; tests/fixtures/autofilter_edits.json,"What Copy or Cut put on the clipboard, at Destination or the selection; Link:=True reports itself unsupported. Several copied areas paste closed up, their formulas as the values they show; a destination over hidden cells of a filtered sheet reports itself unsupported."
Worksheet,PasteSpecial,method,"PasteSpecial([Format As Variant], [Link As Variant], [DisplayAsIcon As Variant], [IconFileName As Variant], [IconIndex As Variant], [IconLabel As Variant], [NoHTMLFormatting As Variant])",,MISSING,,
Worksheet,PivotTableAfterValueChange,event,"PivotTableAfterValueChange(TargetPivotTable As PivotTable, TargetRange As Range)",,MISSING,,
Worksheet,PivotTableBeforeAllocateChanges,event,"PivotTableBeforeAllocateChanges(TargetPivotTable As PivotTable, ValueChangeStart As Long, ValueChangeEnd As Long, Cancel As Boolean)",,MISSING,,
Worksheet,PivotTableBeforeCommitChanges,event,"PivotTableBeforeCommitChanges(TargetPivotTable As PivotTable, ValueChangeStart As Long, ValueChangeEnd As Long, Cancel As Boolean)",,MISSING,,
Worksheet,PivotTableBeforeDiscardChanges,event,"PivotTableBeforeDiscardChanges(TargetPivotTable As PivotTable, ValueChangeStart As Long, ValueChangeEnd As Long)",,MISSING,,
Worksheet,PivotTableChangeSync,event,PivotTableChangeSync(Target As PivotTable),,MISSING,,
Worksheet,PivotTables,method,PivotTables([Index As Variant]) As Object,,MISSING,,
Worksheet,PivotTableUpdate,event,PivotTableUpdate(Target As PivotTable),,MISSING,,
Worksheet,PivotTableWizard,method,"PivotTableWizard([SourceType As Variant], [SourceData As Variant], [TableDestination As Variant], [TableName As Variant], [RowGrand As Variant], [ColumnGrand As Variant], [SaveData As Variant], [HasAutoFormat As Variant], [AutoPage As Variant], [Reserved As Variant], [BackgroundQuery As Variant], [OptimizeCache As Variant], [PageFieldOrder As Variant], [PageFieldWrapCount As Variant], [ReadData As Variant], [Connection As Variant]) As PivotTable",,MISSING,,
Worksheet,Previous,"property, read-only",As Object,,PARTIAL,tests/fixtures/excel_model/probes.txt,"The sheet before, Nothing before the first."
Worksheet,PrintedCommentPages,"property, read-only",As Long,,MISSING,,
Worksheet,PrintOut,method,"PrintOut([From As Variant], [To As Variant], [Copies As Variant], [Preview As Variant], [ActivePrinter As Variant], [PrintToFile As Variant], [Collate As Variant], [PrToFileName As Variant], [IgnorePrintAreas As Variant])",,MISSING,,
Worksheet,PrintPreview,method,PrintPreview([EnableChanges As Variant]),,MISSING,,
Worksheet,Protect,method,"Protect([Password As Variant], [DrawingObjects As Variant], [Contents As Variant], [Scenarios As Variant], [UserInterfaceOnly As Variant], [AllowFormattingCells As Variant], [AllowFormattingColumns As Variant], [AllowFormattingRows As Variant], [AllowInsertingColumns As Variant], [AllowInsertingRows As Variant], [AllowInsertingHyperlinks As Variant], [AllowDeletingColumns As Variant], [AllowDeletingRows As Variant], [AllowSorting As Variant], [AllowFiltering As Variant], [AllowUsingPivotTables As Variant])",,PARTIAL,tests/fixtures/protection.json; tests/fixtures/protection_file.json,"Contents, DrawingObjects and Scenarios True unless given, the Allow options False; a second Protect changes only what it asks to change, needing the password to, and empties the clipboard. A protected sheet refuses a macro's edits to locked cells, formats and structure with Excel's own errors; UserInterfaceOnly frees macros. Given no password where Excel would ask for one, it reports itself unsupported. Saved and read as Excel saves and reads it."
Worksheet,ProtectContents,"property, read-only",As Boolean,,PARTIAL,tests/fixtures/protection.json; tests/fixtures/protection_file.json,Saved and read as Excel saves and reads it.
Worksheet,ProtectDrawingObjects,"property, read-only",As Boolean,,PARTIAL,tests/fixtures/protection.json; tests/fixtures/protection_file.json,Saved and read as Excel saves and reads it.
Worksheet,Protection,"property, read-only",As Protection,,PARTIAL,tests/fixtures/protection.json; tests/fixtures/protection_file.json,Saved and read as Excel saves and reads it.
Worksheet,ProtectionMode,"property, read-only",As Boolean,,PARTIAL,tests/fixtures/protection.json,True while the sheet is protected for the user interface only.
Worksheet,ProtectScenarios,"property, read-only",As Boolean,,PARTIAL,tests/fixtures/protection.json; tests/fixtures/protection_file.json,Saved and read as Excel saves and reads it.
Worksheet,QueryTables,"property, read-only",As QueryTables,,MISSING,,
Worksheet,Range,"property, read-only",As Range,,UNASSESSED,,
Worksheet,ResetAllPageBreaks,method,ResetAllPageBreaks(),,MISSING,,
Worksheet,Rows,"property, read-only",As Range,,UNASSESSED,,
Worksheet,SaveAs,method,"SaveAs(Filename As String, [FileFormat As Variant], [Password As Variant], [WriteResPassword As Variant], [ReadOnlyRecommended As Variant], [CreateBackup As Variant], [AddToMru As Variant], [TextCodepage As Variant], [TextVisualLayout As Variant], [Local As Variant])",,MISSING,,
Worksheet,Scenarios,method,Scenarios([Index As Variant]) As Object,,MISSING,,
Worksheet,ScrollArea,property,As String,,MISSING,,
Worksheet,Select,method,Select([Replace As Variant]),,UNASSESSED,,
Worksheet,SelectionChange,event,SelectionChange(Target As Range),,MISSING,,
Worksheet,SetBackgroundPicture,method,SetBackgroundPicture(Filename As String),,MISSING,,
Worksheet,Shapes,"property, read-only",As Shapes,,UNASSESSED,,
Worksheet,ShowAllData,method,ShowAllData(),,PARTIAL,tests/fixtures/autofilter.json; tests/fixtures/autofilter_file/autofilter_file.json; tests/test_live_excel_model_gate.py,
Worksheet,ShowDataForm,method,ShowDataForm(),,MISSING,,
Worksheet,Sort,"property, read-only",As Sort,,PARTIAL,tests/fixtures/sort.json,"SortFields with Add and Add2 by value, SetRange, Header, MatchCase, Orientation and Apply; sorting on colours or icons and custom orders report themselves unsupported."
Worksheet,StandardHeight,"property, read-only",As Double,,PARTIAL,tests/fixtures/dimensions.json; tests/fixtures/dimensions/dimensions_answers.json; tests/fixtures/row_formats/row_formats.json,"Measured for Aptos Narrow 11 and Calibri 11 as the Normal font on a 96-DPI display, and moved by the fonts of column formats; with another Normal font the file's own standard sizes stand."
Worksheet,StandardWidth,property,As Double,,PARTIAL,tests/fixtures/dimensions.json; tests/fixtures/dimensions/dimensions_answers.json,Measured for Aptos Narrow 11 and Calibri 11 as the Normal font on a 96-DPI display; with another Normal font the file's own standard sizes stand.
Worksheet,Tab,"property, read-only",As Tab,,MISSING,,
Worksheet,TableUpdate,event,TableUpdate(Target As TableObject),,MISSING,,
Worksheet,TransitionExpEval,property,As Boolean,,MISSING,,
Worksheet,TransitionFormEntry,property,As Boolean,,MISSING,,
Worksheet,Type,"property, read-only",As XlSheetType,,UNASSESSED,,
Worksheet,Unprotect,method,Unprotect([Password As Variant]),,PARTIAL,tests/fixtures/protection.json; tests/fixtures/protection_file.json,"The password matched case and all, any opening a sheet that has none; given none where Excel would ask in a dialog, it reports itself unsupported. Saved and read as Excel saves and reads it."
Worksheet,UsedRange,"property, read-only",As Range,,PARTIAL,tests/fixtures/excel_model/probes.txt,
Worksheet,Visible,property,As XlSheetVisibility,,UNASSESSED,,
Worksheet,VPageBreaks,"property, read-only",As VPageBreaks,,MISSING,,
Worksheet,XmlDataQuery,method,"XmlDataQuery(XPath As String, [SelectionNamespaces As Variant], [Map As Variant]) As Range",,MISSING,,
Worksheet,XmlMapQuery,method,"XmlMapQuery(XPath As String, [SelectionNamespaces As Variant], [Map As Variant]) As Range",,MISSING,,
WorksheetFunction,AccrInt,method,"AccrInt(Arg1 As Variant, Arg2 As Variant, Arg3 As Variant, Arg4 As Variant, Arg5 As Variant, Arg6 As Variant, [Arg7 As Variant]) As Double",,UNASSESSED,,
WorksheetFunction,AccrIntM,method,"AccrIntM(Arg1 As Variant, Arg2 As Variant, Arg3 As Variant, Arg4 As Variant, [Arg5 As Variant]) As Double",,UNASSESSED,,
WorksheetFunction,Acos,method,Acos(Arg1 As Double) As Double,,UNASSESSED,,
WorksheetFunction,Acosh,method,Acosh(Arg1 As Double) As Double,,UNASSESSED,,
WorksheetFunction,Acot,method,Acot(Arg1 As Double) As Double,,UNASSESSED,,
WorksheetFunction,Acoth,method,Acoth(Arg1 As Double) As Double,,UNASSESSED,,
WorksheetFunction,Aggregate,method,"Aggregate(Arg1 As Double, Arg2 As Double, Arg3 As Range, [Arg4 As Variant], [Arg5 As Variant], [Arg6 As Variant], [Arg7 As Variant], [Arg8 As Variant], [Arg9 As Variant], [Arg10 As Variant], [Arg11 As Variant], [Arg12 As Variant], [Arg13 As Variant], [Arg14 As Variant], [Arg15 As Variant], [Arg16 As Variant], [Arg17 As Variant], [Arg18 As Variant], [Arg19 As Variant], [Arg20 As Variant], [Arg21 As Variant], [Arg22 As Variant], [Arg23 As Variant], [Arg24 As Variant], [Arg25 As Variant], [Arg26 As Variant], [Arg27 As Variant], [Arg28 As Variant], [Arg29 As Variant], [Arg30 As Variant]) As Double",,UNASSESSED,,
WorksheetFunction,AmorDegrc,method,"AmorDegrc(Arg1 As Variant, Arg2 As Variant, Arg3 As Variant, Arg4 As Variant, Arg5 As Variant, Arg6 As Variant, [Arg7 As Variant]) As Double",,UNASSESSED,,
WorksheetFunction,AmorLinc,method,"AmorLinc(Arg1 As Variant, Arg2 As Variant, Arg3 As Variant, Arg4 As Variant, Arg5 As Variant, Arg6 As Variant, [Arg7 As Variant]) As Double",,UNASSESSED,,
WorksheetFunction,And,method,"And(Arg1 As Variant, [Arg2 As Variant], [Arg3 As Variant], [Arg4 As Variant], [Arg5 As Variant], [Arg6 As Variant], [Arg7 As Variant], [Arg8 As Variant], [Arg9 As Variant], [Arg10 As Variant], [Arg11 As Variant], [Arg12 As Variant], [Arg13 As Variant], [Arg14 As Variant], [Arg15 As Variant], [Arg16 As Variant], [Arg17 As Variant], [Arg18 As Variant], [Arg19 As Variant], [Arg20 As Variant], [Arg21 As Variant], [Arg22 As Variant], [Arg23 As Variant], [Arg24 As Variant], [Arg25 As Variant], [Arg26 As Variant], [Arg27 As Variant], [Arg28 As Variant], [Arg29 As Variant], [Arg30 As Variant]) As Boolean",,PARTIAL,tests/fixtures/worksheet_functions.json,"The formula engine's function, called as a cell calls it; a range or array given where one value is wanted is not run item by item."
WorksheetFunction,Application,"property, read-only",As Application,,MISSING,,
WorksheetFunction,Arabic,method,Arabic(Arg1 As String) As Double,,UNASSESSED,,
WorksheetFunction,ArrayToText,method,"ArrayToText(Arg1 As Variant, [Arg2 As Variant]) As String",,UNASSESSED,,
WorksheetFunction,Asc,method,Asc(Arg1 As String) As String,,UNASSESSED,,
WorksheetFunction,Asin,method,Asin(Arg1 As Double) As Double,,UNASSESSED,,
WorksheetFunction,Asinh,method,Asinh(Arg1 As Double) As Double,,UNASSESSED,,
WorksheetFunction,Atan2,method,"Atan2(Arg1 As Double, Arg2 As Double) As Double",,UNASSESSED,,
WorksheetFunction,Atanh,method,Atanh(Arg1 As Double) As Double,,UNASSESSED,,
WorksheetFunction,AveDev,method,"AveDev(Arg1 As Variant, [Arg2 As Variant], [Arg3 As Variant], [Arg4 As Variant], [Arg5 As Variant], [Arg6 As Variant], [Arg7 As Variant], [Arg8 As Variant], [Arg9 As Variant], [Arg10 As Variant], [Arg11 As Variant], [Arg12 As Variant], [Arg13 As Variant], [Arg14 As Variant], [Arg15 As Variant], [Arg16 As Variant], [Arg17 As Variant], [Arg18 As Variant], [Arg19 As Variant], [Arg20 As Variant], [Arg21 As Variant], [Arg22 As Variant], [Arg23 As Variant], [Arg24 As Variant], [Arg25 As Variant], [Arg26 As Variant], [Arg27 As Variant], [Arg28 As Variant], [Arg29 As Variant], [Arg30 As Variant]) As Double",,UNASSESSED,,
WorksheetFunction,Average,method,"Average(Arg1 As Variant, [Arg2 As Variant], [Arg3 As Variant], [Arg4 As Variant], [Arg5 As Variant], [Arg6 As Variant], [Arg7 As Variant], [Arg8 As Variant], [Arg9 As Variant], [Arg10 As Variant], [Arg11 As Variant], [Arg12 As Variant], [Arg13 As Variant], [Arg14 As Variant], [Arg15 As Variant], [Arg16 As Variant], [Arg17 As Variant], [Arg18 As Variant], [Arg19 As Variant], [Arg20 As Variant], [Arg21 As Variant], [Arg22 As Variant], [Arg23 As Variant], [Arg24 As Variant], [Arg25 As Variant], [Arg26 As Variant], [Arg27 As Variant], [Arg28 As Variant], [Arg29 As Variant], [Arg30 As Variant]) As Double",,PARTIAL,tests/fixtures/worksheet_functions.json,"The formula engine's function, called as a cell calls it; a range or array given where one value is wanted is not run item by item."
WorksheetFunction,AverageIf,method,"AverageIf(Arg1 As Range, Arg2 As Variant, [Arg3 As Variant]) As Double",,PARTIAL,tests/fixtures/worksheet_functions.json,"The formula engine's function, called as a cell calls it; a range or array given where one value is wanted is not run item by item."
WorksheetFunction,AverageIfs,method,"AverageIfs(Arg1 As Range, Arg2 As Range, Arg3 As Variant, [Arg4 As Variant], [Arg5 As Variant], [Arg6 As Variant], [Arg7 As Variant], [Arg8 As Variant], [Arg9 As Variant], [Arg10 As Variant], [Arg11 As Variant], [Arg12 As Variant], [Arg13 As Variant], [Arg14 As Variant], [Arg15 As Variant], [Arg16 As Variant], [Arg17 As Variant], [Arg18 As Variant], [Arg19 As Variant], [Arg20 As Variant], [Arg21 As Variant], [Arg22 As Variant], [Arg23 As Variant], [Arg24 As Variant], [Arg25 As Variant], [Arg26 As Variant], [Arg27 As Variant], [Arg28 As Variant], [Arg29 As Variant]) As Double",,UNASSESSED,,
WorksheetFunction,BahtText,method,BahtText(Arg1 As Double) As String,,MISSING,,
WorksheetFunction,Base,method,"Base(Arg1 As Double, Arg2 As Double, [Arg3 As Variant]) As String",,UNASSESSED,,
WorksheetFunction,BesselI,method,"BesselI(Arg1 As Variant, Arg2 As Variant) As Double",,UNASSESSED,,
WorksheetFunction,BesselJ,method,"BesselJ(Arg1 As Variant, Arg2 As Variant) As Double",,UNASSESSED,,
WorksheetFunction,BesselK,method,"BesselK(Arg1 As Variant, Arg2 As Variant) As Double",,UNASSESSED,,
WorksheetFunction,BesselY,method,"BesselY(Arg1 As Variant, Arg2 As Variant) As Double",,UNASSESSED,,
WorksheetFunction,Beta_Dist,method,"Beta_Dist(Arg1 As Double, Arg2 As Double, Arg3 As Double, Arg4 As Boolean, [Arg5 As Variant], [Arg6 As Variant]) As Double",,UNASSESSED,,
WorksheetFunction,Beta_Inv,method,"Beta_Inv(Arg1 As Double, Arg2 As Double, Arg3 As Double, [Arg4 As Variant], [Arg5 As Variant]) As Double",,UNASSESSED,,
WorksheetFunction,BetaDist,method,"BetaDist(Arg1 As Double, Arg2 As Double, Arg3 As Double, [Arg4 As Variant], [Arg5 As Variant]) As Double",,UNASSESSED,,
WorksheetFunction,BetaInv,method,"BetaInv(Arg1 As Double, Arg2 As Double, Arg3 As Double, [Arg4 As Variant], [Arg5 As Variant]) As Double",,UNASSESSED,,
WorksheetFunction,Bin2Dec,method,Bin2Dec(Arg1 As Variant) As String,,UNASSESSED,,
WorksheetFunction,Bin2Hex,method,"Bin2Hex(Arg1 As Variant, [Arg2 As Variant]) As String",,UNASSESSED,,
WorksheetFunction,Bin2Oct,method,"Bin2Oct(Arg1 As Variant, [Arg2 As Variant]) As String",,UNASSESSED,,
WorksheetFunction,Binom_Dist,method,"Binom_Dist(Arg1 As Double, Arg2 As Double, Arg3 As Double, Arg4 As Boolean) As Double",,UNASSESSED,,
WorksheetFunction,Binom_Dist_Range,method,"Binom_Dist_Range(Arg1 As Double, Arg2 As Double, Arg3 As Double, [Arg4 As Variant]) As Double",,UNASSESSED,,
WorksheetFunction,Binom_Inv,method,"Binom_Inv(Arg1 As Double, Arg2 As Double, Arg3 As Double) As Double",,UNASSESSED,,
WorksheetFunction,BinomDist,method,"BinomDist(Arg1 As Double, Arg2 As Double, Arg3 As Double, Arg4 As Boolean) As Double",,UNASSESSED,,
WorksheetFunction,Bitand,method,"Bitand(Arg1 As Double, Arg2 As Double) As Double",,UNASSESSED,,
WorksheetFunction,Bitlshift,method,"Bitlshift(Arg1 As Double, Arg2 As Double) As Double",,UNASSESSED,,
WorksheetFunction,Bitor,method,"Bitor(Arg1 As Double, Arg2 As Double) As Double",,UNASSESSED,,
WorksheetFunction,Bitrshift,method,"Bitrshift(Arg1 As Double, Arg2 As Double) As Double",,UNASSESSED,,
WorksheetFunction,Bitxor,method,"Bitxor(Arg1 As Double, Arg2 As Double) As Double",,UNASSESSED,,
WorksheetFunction,Ceiling,method,"Ceiling(Arg1 As Double, Arg2 As Double) As Double",,PARTIAL,tests/fixtures/worksheet_functions.json,"The formula engine's function, called as a cell calls it; a range or array given where one value is wanted is not run item by item."
WorksheetFunction,Ceiling_Math,method,"Ceiling_Math(Arg1 As Double, [Arg2 As Variant], [Arg3 As Variant]) As Double",,PARTIAL,tests/fixtures/worksheet_functions.json,"The formula engine's function, called as a cell calls it; a range or array given where one value is wanted is not run item by item."
WorksheetFunction,Ceiling_Precise,method,"Ceiling_Precise(Arg1 As Double, [Arg2 As Variant]) As Double",,UNASSESSED,,
WorksheetFunction,ChiDist,method,"ChiDist(Arg1 As Double, Arg2 As Double) As Double",,UNASSESSED,,
WorksheetFunction,ChiInv,method,"ChiInv(Arg1 As Double, Arg2 As Double) As Double",,UNASSESSED,,
WorksheetFunction,ChiSq_Dist,method,"ChiSq_Dist(Arg1 As Double, Arg2 As Double, Arg3 As Boolean) As Double",,UNASSESSED,,
WorksheetFunction,ChiSq_Dist_RT,method,"ChiSq_Dist_RT(Arg1 As Double, Arg2 As Double) As Double",,UNASSESSED,,
WorksheetFunction,ChiSq_Inv,method,"ChiSq_Inv(Arg1 As Double, Arg2 As Double) As Double",,UNASSESSED,,
WorksheetFunction,ChiSq_Inv_RT,method,"ChiSq_Inv_RT(Arg1 As Double, Arg2 As Double) As Double",,UNASSESSED,,
WorksheetFunction,ChiSq_Test,method,"ChiSq_Test(Arg1 As Variant, Arg2 As Variant) As Double",,UNASSESSED,,
WorksheetFunction,ChiTest,method,"ChiTest(Arg1 As Variant, Arg2 As Variant) As Double",,UNASSESSED,,
WorksheetFunction,Choose,method,"Choose(Arg1 As Variant, Arg2 As Variant, [Arg3 As Variant], [Arg4 As Variant], [Arg5 As Variant], [Arg6 As Variant], [Arg7 As Variant], [Arg8 As Variant], [Arg9 As Variant], [Arg10 As Variant], [Arg11 As Variant], [Arg12 As Variant], [Arg13 As Variant], [Arg14 As Variant], [Arg15 As Variant], [Arg16 As Variant], [Arg17 As Variant], [Arg18 As Variant], [Arg19 As Variant], [Arg20 As Variant], [Arg21 As Variant], [Arg22 As Variant], [Arg23 As Variant], [Arg24 As Variant], [Arg25 As Variant], [Arg26 As Variant], [Arg27 As Variant], [Arg28 As Variant], [Arg29 As Variant], [Arg30 As Variant]) As Variant",,PARTIAL,tests/fixtures/worksheet_functions.json,"The formula engine's function, called as a cell calls it; a range or array given where one value is wanted is not run item by item."
WorksheetFunction,Clean,method,Clean(Arg1 As String) As String,,UNASSESSED,,
WorksheetFunction,Combin,method,"Combin(Arg1 As Double, Arg2 As Double) As Double",,UNASSESSED,,
WorksheetFunction,Combina,method,"Combina(Arg1 As Double, Arg2 As Double) As Double",,UNASSESSED,,
WorksheetFunction,Complex,method,"Complex(Arg1 As Variant, Arg2 As Variant, [Arg3 As Variant]) As String",,UNASSESSED,,
WorksheetFunction,Concat,method,"Concat(Arg1 As String, [Arg2 As Variant], [Arg3 As Variant], [Arg4 As Variant], [Arg5 As Variant], [Arg6 As Variant], [Arg7 As Variant], [Arg8 As Variant], [Arg9 As Variant], [Arg10 As Variant], [Arg11 As Variant], [Arg12 As Variant], [Arg13 As Variant], [Arg14 As Variant], [Arg15 As Variant], [Arg16 As Variant], [Arg17 As Variant], [Arg18 As Variant], [Arg19 As Variant], [Arg20 As Variant], [Arg21 As Variant], [Arg22 As Variant], [Arg23 As Variant], [Arg24 As Variant], [Arg25 As Variant], [Arg26 As Variant], [Arg27 As Variant], [Arg28 As Variant], [Arg29 As Variant]) As String",,PARTIAL,tests/fixtures/worksheet_functions.json,"The formula engine's function, called as a cell calls it; a range or array given where one value is wanted is not run item by item."
WorksheetFunction,Confidence,method,"Confidence(Arg1 As Double, Arg2 As Double, Arg3 As Double) As Double",,UNASSESSED,,
WorksheetFunction,Confidence_Norm,method,"Confidence_Norm(Arg1 As Double, Arg2 As Double, Arg3 As Double) As Double",,UNASSESSED,,
WorksheetFunction,Confidence_T,method,"Confidence_T(Arg1 As Double, Arg2 As Double, Arg3 As Double) As Double",,UNASSESSED,,
WorksheetFunction,Convert,method,"Convert(Arg1 As Variant, Arg2 As Variant, Arg3 As Variant) As Double",,UNASSESSED,,
WorksheetFunction,Correl,method,"Correl(Arg1 As Variant, Arg2 As Variant) As Double",,UNASSESSED,,
WorksheetFunction,Cosh,method,Cosh(Arg1 As Double) As Double,,UNASSESSED,,
WorksheetFunction,Cot,method,Cot(Arg1 As Double) As Double,,UNASSESSED,,
WorksheetFunction,Coth,method,Coth(Arg1 As Double) As Double,,UNASSESSED,,
WorksheetFunction,Count,method,"Count(Arg1 As Variant, [Arg2 As Variant], [Arg3 As Variant], [Arg4 As Variant], [Arg5 As Variant], [Arg6 As Variant], [Arg7 As Variant], [Arg8 As Variant], [Arg9 As Variant], [Arg10 As Variant], [Arg11 As Variant], [Arg12 As Variant], [Arg13 As Variant], [Arg14 As Variant], [Arg15 As Variant], [Arg16 As Variant], [Arg17 As Variant], [Arg18 As Variant], [Arg19 As Variant], [Arg20 As Variant], [Arg21 As Variant], [Arg22 As Variant], [Arg23 As Variant], [Arg24 As Variant], [Arg25 As Variant], [Arg26 As Variant], [Arg27 As Variant], [Arg28 As Variant], [Arg29 As Variant], [Arg30 As Variant]) As Double",,PARTIAL,tests/fixtures/worksheet_functions.json,"The formula engine's function, called as a cell calls it; a range or array given where one value is wanted is not run item by item."
WorksheetFunction,CountA,method,"CountA(Arg1 As Variant, [Arg2 As Variant], [Arg3 As Variant], [Arg4 As Variant], [Arg5 As Variant], [Arg6 As Variant], [Arg7 As Variant], [Arg8 As Variant], [Arg9 As Variant], [Arg10 As Variant], [Arg11 As Variant], [Arg12 As Variant], [Arg13 As Variant], [Arg14 As Variant], [Arg15 As Variant], [Arg16 As Variant], [Arg17 As Variant], [Arg18 As Variant], [Arg19 As Variant], [Arg20 As Variant], [Arg21 As Variant], [Arg22 As Variant], [Arg23 As Variant], [Arg24 As Variant], [Arg25 As Variant], [Arg26 As Variant], [Arg27 As Variant], [Arg28 As Variant], [Arg29 As Variant], [Arg30 As Variant]) As Double",,PARTIAL,tests/fixtures/worksheet_functions.json,"The formula engine's function, called as a cell calls it; a range or array given where one value is wanted is not run item by item."
WorksheetFunction,CountBlank,method,CountBlank(Arg1 As Range) As Double,,PARTIAL,tests/fixtures/worksheet_functions.json,"The formula engine's function, called as a cell calls it; a range or array given where one value is wanted is not run item by item."
WorksheetFunction,CountIf,method,"CountIf(Arg1 As Range, Arg2 As Variant) As Double",,PARTIAL,tests/fixtures/worksheet_functions.json,"The formula engine's function, called as a cell calls it; a range or array given where one value is wanted is not run item by item."
WorksheetFunction,CountIfs,method,"CountIfs(Arg1 As Range, Arg2 As Variant, [Arg3 As Variant], [Arg4 As Variant], [Arg5 As Variant], [Arg6 As Variant], [Arg7 As Variant], [Arg8 As Variant], [Arg9 As Variant], [Arg10 As Variant], [Arg11 As Variant], [Arg12 As Variant], [Arg13 As Variant], [Arg14 As Variant], [Arg15 As Variant], [Arg16 As Variant], [Arg17 As Variant], [Arg18 As Variant], [Arg19 As Variant], [Arg20 As Variant], [Arg21 As Variant], [Arg22 As Variant], [Arg23 As Variant], [Arg24 As Variant], [Arg25 As Variant], [Arg26 As Variant], [Arg27 As Variant], [Arg28 As Variant], [Arg29 As Variant], [Arg30 As Variant]) As Double",,PARTIAL,tests/fixtures/worksheet_functions.json,"The formula engine's function, called as a cell calls it; a range or array given where one value is wanted is not run item by item."
WorksheetFunction,CoupDayBs,method,"CoupDayBs(Arg1 As Variant, Arg2 As Variant, Arg3 As Variant, [Arg4 As Variant]) As Double",,UNASSESSED,,
WorksheetFunction,CoupDays,method,"CoupDays(Arg1 As Variant, Arg2 As Variant, Arg3 As Variant, [Arg4 As Variant]) As Double",,UNASSESSED,,
WorksheetFunction,CoupDaysNc,method,"CoupDaysNc(Arg1 As Variant, Arg2 As Variant, Arg3 As Variant, [Arg4 As Variant]) As Double",,UNASSESSED,,
WorksheetFunction,CoupNcd,method,"CoupNcd(Arg1 As Variant, Arg2 As Variant, Arg3 As Variant, [Arg4 As Variant]) As Double",,UNASSESSED,,
WorksheetFunction,CoupNum,method,"CoupNum(Arg1 As Variant, Arg2 As Variant, Arg3 As Variant, [Arg4 As Variant]) As Double",,UNASSESSED,,
WorksheetFunction,CoupPcd,method,"CoupPcd(Arg1 As Variant, Arg2 As Variant, Arg3 As Variant, [Arg4 As Variant]) As Double",,UNASSESSED,,
WorksheetFunction,Covar,method,"Covar(Arg1 As Variant, Arg2 As Variant) As Double",,UNASSESSED,,
WorksheetFunction,Covariance_P,method,"Covariance_P(Arg1 As Variant, Arg2 As Variant) As Double",,UNASSESSED,,
WorksheetFunction,Covariance_S,method,"Covariance_S(Arg1 As Variant, Arg2 As Variant) As Double",,UNASSESSED,,
WorksheetFunction,Creator,"property, read-only",As XlCreator,,MISSING,,
WorksheetFunction,CritBinom,method,"CritBinom(Arg1 As Double, Arg2 As Double, Arg3 As Double) As Double",,UNASSESSED,,
WorksheetFunction,Csc,method,Csc(Arg1 As Double) As Double,,UNASSESSED,,
WorksheetFunction,Csch,method,Csch(Arg1 As Double) As Double,,UNASSESSED,,
WorksheetFunction,CumIPmt,method,"CumIPmt(Arg1 As Variant, Arg2 As Variant, Arg3 As Variant, Arg4 As Variant, Arg5 As Variant, Arg6 As Variant) As Double",,UNASSESSED,,
WorksheetFunction,CumPrinc,method,"CumPrinc(Arg1 As Variant, Arg2 As Variant, Arg3 As Variant, Arg4 As Variant, Arg5 As Variant, Arg6 As Variant) As Double",,UNASSESSED,,
WorksheetFunction,DAverage,method,"DAverage(Arg1 As Range, Arg2 As Variant, Arg3 As Variant) As Double",,UNASSESSED,,
WorksheetFunction,Days,method,"Days(Arg1 As Variant, Arg2 As Variant) As Double",,PARTIAL,tests/fixtures/worksheet_functions.json,"The formula engine's function, called as a cell calls it; a range or array given where one value is wanted is not run item by item."
WorksheetFunction,Days360,method,"Days360(Arg1 As Variant, Arg2 As Variant, [Arg3 As Variant]) As Double",,UNASSESSED,,
WorksheetFunction,Db,method,"Db(Arg1 As Double, Arg2 As Double, Arg3 As Double, Arg4 As Double, [Arg5 As Variant]) As Double",,UNASSESSED,,
WorksheetFunction,Dbcs,method,Dbcs(Arg1 As String) As String,,UNASSESSED,,
WorksheetFunction,DCount,method,"DCount(Arg1 As Range, Arg2 As Variant, Arg3 As Variant) As Double",,UNASSESSED,,
WorksheetFunction,DCountA,method,"DCountA(Arg1 As Range, Arg2 As Variant, Arg3 As Variant) As Double",,UNASSESSED,,
WorksheetFunction,Ddb,method,"Ddb(Arg1 As Double, Arg2 As Double, Arg3 As Double, Arg4 As Double, [Arg5 As Variant]) As Double",,UNASSESSED,,
WorksheetFunction,Dec2Bin,method,"Dec2Bin(Arg1 As Variant, [Arg2 As Variant]) As String",,UNASSESSED,,
WorksheetFunction,Dec2Hex,method,"Dec2Hex(Arg1 As Variant, [Arg2 As Variant]) As String",,UNASSESSED,,
WorksheetFunction,Dec2Oct,method,"Dec2Oct(Arg1 As Variant, [Arg2 As Variant]) As String",,UNASSESSED,,
WorksheetFunction,Decimal,method,"Decimal(Arg1 As String, Arg2 As Double) As Double",,UNASSESSED,,
WorksheetFunction,Degrees,method,Degrees(Arg1 As Double) As Double,,UNASSESSED,,
WorksheetFunction,Delta,method,"Delta(Arg1 As Variant, [Arg2 As Variant]) As Double",,UNASSESSED,,
WorksheetFunction,DevSq,method,"DevSq(Arg1 As Variant, [Arg2 As Variant], [Arg3 As Variant], [Arg4 As Variant], [Arg5 As Variant], [Arg6 As Variant], [Arg7 As Variant], [Arg8 As Variant], [Arg9 As Variant], [Arg10 As Variant], [Arg11 As Variant], [Arg12 As Variant], [Arg13 As Variant], [Arg14 As Variant], [Arg15 As Variant], [Arg16 As Variant], [Arg17 As Variant], [Arg18 As Variant], [Arg19 As Variant], [Arg20 As Variant], [Arg21 As Variant], [Arg22 As Variant], [Arg23 As Variant], [Arg24 As Variant], [Arg25 As Variant], [Arg26 As Variant], [Arg27 As Variant], [Arg28 As Variant], [Arg29 As Variant], [Arg30 As Variant]) As Double",,PARTIAL,tests/fixtures/worksheet_functions.json; tests/fixtures/variance.json,"The formula engine's function, called as a cell calls it; a range or array given where one value is wanted is not run item by item."
WorksheetFunction,DGet,method,"DGet(Arg1 As Range, Arg2 As Variant, Arg3 As Variant) As Variant",,UNASSESSED,,
WorksheetFunction,Disc,method,"Disc(Arg1 As Variant, Arg2 As Variant, Arg3 As Variant, Arg4 As Variant, [Arg5 As Variant]) As Double",,UNASSESSED,,
WorksheetFunction,DMax,method,"DMax(Arg1 As Range, Arg2 As Variant, Arg3 As Variant) As Double",,UNASSESSED,,
WorksheetFunction,DMin,method,"DMin(Arg1 As Range, Arg2 As Variant, Arg3 As Variant) As Double",,UNASSESSED,,
WorksheetFunction,Dollar,method,"Dollar(Arg1 As Double, [Arg2 As Variant]) As String",,UNASSESSED,,
WorksheetFunction,DollarDe,method,"DollarDe(Arg1 As Variant, Arg2 As Variant) As Double",,UNASSESSED,,
WorksheetFunction,DollarFr,method,"DollarFr(Arg1 As Variant, Arg2 As Variant) As Double",,UNASSESSED,,
WorksheetFunction,DProduct,method,"DProduct(Arg1 As Range, Arg2 As Variant, Arg3 As Variant) As Double",,UNASSESSED,,
WorksheetFunction,DStDev,method,"DStDev(Arg1 As Range, Arg2 As Variant, Arg3 As Variant) As Double",,UNASSESSED,,
WorksheetFunction,DStDevP,method,"DStDevP(Arg1 As Range, Arg2 As Variant, Arg3 As Variant) As Double",,UNASSESSED,,
WorksheetFunction,DSum,method,"DSum(Arg1 As Range, Arg2 As Variant, Arg3 As Variant) As Double",,UNASSESSED,,
WorksheetFunction,Duration,method,"Duration(Arg1 As Variant, Arg2 As Variant, Arg3 As Variant, Arg4 As Variant, Arg5 As Variant, [Arg6 As Variant]) As Double",,UNASSESSED,,
WorksheetFunction,DVar,method,"DVar(Arg1 As Range, Arg2 As Variant, Arg3 As Variant) As Double",,UNASSESSED,,
WorksheetFunction,DVarP,method,"DVarP(Arg1 As Range, Arg2 As Variant, Arg3 As Variant) As Double",,UNASSESSED,,
WorksheetFunction,EDate,method,"EDate(Arg1 As Variant, Arg2 As Variant) As Double",,PARTIAL,tests/fixtures/worksheet_functions.json,"The formula engine's function, called as a cell calls it; a range or array given where one value is wanted is not run item by item."
WorksheetFunction,Effect,method,"Effect(Arg1 As Variant, Arg2 As Variant) As Double",,UNASSESSED,,
WorksheetFunction,EncodeURL,method,EncodeURL(Arg1 As String) As Variant,,UNASSESSED,,
WorksheetFunction,EoMonth,method,"EoMonth(Arg1 As Variant, Arg2 As Variant) As Double",,PARTIAL,tests/fixtures/worksheet_functions.json,"The formula engine's function, called as a cell calls it; a range or array given where one value is wanted is not run item by item."
WorksheetFunction,Erf,method,"Erf(Arg1 As Variant, [Arg2 As Variant]) As Double",,UNASSESSED,,
WorksheetFunction,Erf_Precise,method,Erf_Precise(Arg1 As Variant) As Double,,UNASSESSED,,
WorksheetFunction,ErfC,method,ErfC(Arg1 As Variant) As Double,,UNASSESSED,,
WorksheetFunction,ErfC_Precise,method,ErfC_Precise(Arg1 As Variant) As Double,,UNASSESSED,,
WorksheetFunction,Even,method,Even(Arg1 As Double) As Double,,UNASSESSED,,
WorksheetFunction,Expon_Dist,method,"Expon_Dist(Arg1 As Double, Arg2 As Double, Arg3 As Boolean) As Double",,UNASSESSED,,
WorksheetFunction,ExponDist,method,"ExponDist(Arg1 As Double, Arg2 As Double, Arg3 As Boolean) As Double",,UNASSESSED,,
WorksheetFunction,F_Dist,method,"F_Dist(Arg1 As Double, Arg2 As Double, Arg3 As Double, Arg4 As Boolean) As Double",,UNASSESSED,,
WorksheetFunction,F_Dist_RT,method,"F_Dist_RT(Arg1 As Double, Arg2 As Double, Arg3 As Double) As Double",,UNASSESSED,,
WorksheetFunction,F_Inv,method,"F_Inv(Arg1 As Double, Arg2 As Double, Arg3 As Double) As Double",,UNASSESSED,,
WorksheetFunction,F_Inv_RT,method,"F_Inv_RT(Arg1 As Double, Arg2 As Double, Arg3 As Double) As Double",,UNASSESSED,,
WorksheetFunction,F_Test,method,"F_Test(Arg1 As Variant, Arg2 As Variant) As Double",,UNASSESSED,,
WorksheetFunction,Fact,method,Fact(Arg1 As Double) As Double,,UNASSESSED,,
WorksheetFunction,FactDouble,method,FactDouble(Arg1 As Variant) As Double,,UNASSESSED,,
WorksheetFunction,FDist,method,"FDist(Arg1 As Double, Arg2 As Double, Arg3 As Double) As Double",,UNASSESSED,,
WorksheetFunction,FieldValue,method,"FieldValue(Arg1 As Variant, Arg2 As String) As Variant",,MISSING,,
WorksheetFunction,Filter,method,"Filter(Arg1 As Variant, Arg2 As Variant, [Arg3 As Variant]) As Variant",,UNASSESSED,,
WorksheetFunction,FilterXML,method,"FilterXML(Arg1 As String, Arg2 As String) As Variant",,MISSING,,
WorksheetFunction,Find,method,"Find(Arg1 As String, Arg2 As String, [Arg3 As Variant]) As Double",,PARTIAL,tests/fixtures/worksheet_functions.json,"The formula engine's function, called as a cell calls it; a range or array given where one value is wanted is not run item by item."
WorksheetFunction,FindB,method,"FindB(Arg1 As String, Arg2 As String, [Arg3 As Variant]) As Double",,UNASSESSED,,
WorksheetFunction,FInv,method,"FInv(Arg1 As Double, Arg2 As Double, Arg3 As Double) As Double",,UNASSESSED,,
WorksheetFunction,Fisher,method,Fisher(Arg1 As Double) As Double,,UNASSESSED,,
WorksheetFunction,FisherInv,method,FisherInv(Arg1 As Double) As Double,,UNASSESSED,,
WorksheetFunction,Fixed,method,"Fixed(Arg1 As Double, [Arg2 As Variant], [Arg3 As Variant]) As String",,UNASSESSED,,
WorksheetFunction,Floor,method,"Floor(Arg1 As Double, Arg2 As Double) As Double",,PARTIAL,tests/fixtures/worksheet_functions.json,"The formula engine's function, called as a cell calls it; a range or array given where one value is wanted is not run item by item."
WorksheetFunction,Floor_Math,method,"Floor_Math(Arg1 As Double, [Arg2 As Variant], [Arg3 As Variant]) As Double",,PARTIAL,tests/fixtures/worksheet_functions.json,"The formula engine's function, called as a cell calls it; a range or array given where one value is wanted is not run item by item."
WorksheetFunction,Floor_Precise,method,"Floor_Precise(Arg1 As Double, [Arg2 As Variant]) As Double",,UNASSESSED,,
WorksheetFunction,Forecast_ETS,method,"Forecast_ETS(Arg1 As Double, Arg2 As Variant, Arg3 As Variant, [Arg4 As Variant], [Arg5 As Variant], [Arg6 As Variant]) As Double",,MISSING,,
WorksheetFunction,Forecast_ETS_ConfInt,method,"Forecast_ETS_ConfInt(Arg1 As Double, Arg2 As Variant, Arg3 As Variant, [Arg4 As Variant], [Arg5 As Variant], [Arg6 As Variant], [Arg7 As Variant]) As Double",,MISSING,,
WorksheetFunction,Forecast_ETS_Seasonality,method,"Forecast_ETS_Seasonality(Arg1 As Variant, Arg2 As Variant, [Arg3 As Variant], [Arg4 As Variant]) As Double",,MISSING,,
WorksheetFunction,Forecast_ETS_STAT,method,"Forecast_ETS_STAT(Arg1 As Variant, Arg2 As Variant, Arg3 As Double, [Arg4 As Variant], [Arg5 As Variant], [Arg6 As Variant]) As Double",,MISSING,,
WorksheetFunction,Forecast_Linear,method,"Forecast_Linear(Arg1 As Double, Arg2 As Variant, Arg3 As Variant) As Double",,UNASSESSED,,
WorksheetFunction,Frequency,method,"Frequency(Arg1 As Variant, Arg2 As Variant) As Variant",,UNASSESSED,,
WorksheetFunction,FTest,method,"FTest(Arg1 As Variant, Arg2 As Variant) As Double",,UNASSESSED,,
WorksheetFunction,Fv,method,"Fv(Arg1 As Double, Arg2 As Double, Arg3 As Double, [Arg4 As Variant], [Arg5 As Variant]) As Double",,UNASSESSED,,
WorksheetFunction,FVSchedule,method,"FVSchedule(Arg1 As Variant, Arg2 As Variant) As Double",,UNASSESSED,,
WorksheetFunction,Gamma,method,Gamma(Arg1 As Double) As Double,,UNASSESSED,,
WorksheetFunction,Gamma_Dist,method,"Gamma_Dist(Arg1 As Double, Arg2 As Double, Arg3 As Double, Arg4 As Boolean) As Double",,UNASSESSED,,
WorksheetFunction,Gamma_Inv,method,"Gamma_Inv(Arg1 As Double, Arg2 As Double, Arg3 As Double) As Double",,UNASSESSED,,
WorksheetFunction,GammaDist,method,"GammaDist(Arg1 As Double, Arg2 As Double, Arg3 As Double, Arg4 As Boolean) As Double",,UNASSESSED,,
WorksheetFunction,GammaInv,method,"GammaInv(Arg1 As Double, Arg2 As Double, Arg3 As Double) As Double",,UNASSESSED,,
WorksheetFunction,GammaLn,method,GammaLn(Arg1 As Double) As Double,,UNASSESSED,,
WorksheetFunction,GammaLn_Precise,method,GammaLn_Precise(Arg1 As Double) As Double,,UNASSESSED,,
WorksheetFunction,Gauss,method,Gauss(Arg1 As Double) As Double,,UNASSESSED,,
WorksheetFunction,Gcd,method,"Gcd(Arg1 As Variant, [Arg2 As Variant], [Arg3 As Variant], [Arg4 As Variant], [Arg5 As Variant], [Arg6 As Variant], [Arg7 As Variant], [Arg8 As Variant], [Arg9 As Variant], [Arg10 As Variant], [Arg11 As Variant], [Arg12 As Variant], [Arg13 As Variant], [Arg14 As Variant], [Arg15 As Variant], [Arg16 As Variant], [Arg17 As Variant], [Arg18 As Variant], [Arg19 As Variant], [Arg20 As Variant], [Arg21 As Variant], [Arg22 As Variant], [Arg23 As Variant], [Arg24 As Variant], [Arg25 As Variant], [Arg26 As Variant], [Arg27 As Variant], [Arg28 As Variant], [Arg29 As Variant], [Arg30 As Variant]) As Double",,UNASSESSED,,
WorksheetFunction,GeoMean,method,"GeoMean(Arg1 As Variant, [Arg2 As Variant], [Arg3 As Variant], [Arg4 As Variant], [Arg5 As Variant], [Arg6 As Variant], [Arg7 As Variant], [Arg8 As Variant], [Arg9 As Variant], [Arg10 As Variant], [Arg11 As Variant], [Arg12 As Variant], [Arg13 As Variant], [Arg14 As Variant], [Arg15 As Variant], [Arg16 As Variant], [Arg17 As Variant], [Arg18 As Variant], [Arg19 As Variant], [Arg20 As Variant], [Arg21 As Variant], [Arg22 As Variant], [Arg23 As Variant], [Arg24 As Variant], [Arg25 As Variant], [Arg26 As Variant], [Arg27 As Variant], [Arg28 As Variant], [Arg29 As Variant], [Arg30 As Variant]) As Double",,UNASSESSED,,
WorksheetFunction,GeStep,method,"GeStep(Arg1 As Variant, [Arg2 As Variant]) As Double",,UNASSESSED,,
WorksheetFunction,Growth,method,"Growth(Arg1 As Variant, [Arg2 As Variant], [Arg3 As Variant], [Arg4 As Variant]) As Variant",,UNASSESSED,,
WorksheetFunction,HarMean,method,"HarMean(Arg1 As Variant, [Arg2 As Variant], [Arg3 As Variant], [Arg4 As Variant], [Arg5 As Variant], [Arg6 As Variant], [Arg7 As Variant], [Arg8 As Variant], [Arg9 As Variant], [Arg10 As Variant], [Arg11 As Variant], [Arg12 As Variant], [Arg13 As Variant], [Arg14 As Variant], [Arg15 As Variant], [Arg16 As Variant], [Arg17 As Variant], [Arg18 As Variant], [Arg19 As Variant], [Arg20 As Variant], [Arg21 As Variant], [Arg22 As Variant], [Arg23 As Variant], [Arg24 As Variant], [Arg25 As Variant], [Arg26 As Variant], [Arg27 As Variant], [Arg28 As Variant], [Arg29 As Variant], [Arg30 As Variant]) As Double",,UNASSESSED,,
WorksheetFunction,Hex2Bin,method,"Hex2Bin(Arg1 As Variant, [Arg2 As Variant]) As String",,UNASSESSED,,
WorksheetFunction,Hex2Dec,method,Hex2Dec(Arg1 As Variant) As String,,UNASSESSED,,
WorksheetFunction,Hex2Oct,method,"Hex2Oct(Arg1 As Variant, [Arg2 As Variant]) As String",,UNASSESSED,,
WorksheetFunction,HLookup,method,"HLookup(Arg1 As Variant, Arg2 As Variant, Arg3 As Variant, [Arg4 As Variant]) As Variant",,PARTIAL,tests/fixtures/worksheet_functions.json,"The formula engine's function, called as a cell calls it; a range or array given where one value is wanted is not run item by item."
WorksheetFunction,HypGeom_Dist,method,"HypGeom_Dist(Arg1 As Double, Arg2 As Double, Arg3 As Double, Arg4 As Double, Arg5 As Boolean) As Double",,UNASSESSED,,
WorksheetFunction,HypGeomDist,method,"HypGeomDist(Arg1 As Double, Arg2 As Double, Arg3 As Double, Arg4 As Double) As Double",,UNASSESSED,,
WorksheetFunction,IfError,method,"IfError(Arg1 As Variant, Arg2 As Variant) As Variant",,PARTIAL,tests/fixtures/worksheet_functions.json,"The formula engine's function, called as a cell calls it; a range or array given where one value is wanted is not run item by item."
WorksheetFunction,IfNa,method,"IfNa(Arg1 As Variant, Arg2 As Variant) As Variant",,PARTIAL,tests/fixtures/worksheet_functions.json,"The formula engine's function, called as a cell calls it; a range or array given where one value is wanted is not run item by item."
WorksheetFunction,ImAbs,method,ImAbs(Arg1 As Variant) As String,,UNASSESSED,,
WorksheetFunction,Imaginary,method,Imaginary(Arg1 As Variant) As Double,,UNASSESSED,,
WorksheetFunction,ImArgument,method,ImArgument(Arg1 As Variant) As String,,UNASSESSED,,
WorksheetFunction,ImConjugate,method,ImConjugate(Arg1 As Variant) As String,,UNASSESSED,,
WorksheetFunction,ImCos,method,ImCos(Arg1 As Variant) As String,,UNASSESSED,,
WorksheetFunction,ImCosh,method,ImCosh(Arg1 As Variant) As String,,UNASSESSED,,
WorksheetFunction,ImCot,method,ImCot(Arg1 As Variant) As String,,UNASSESSED,,
WorksheetFunction,ImCsc,method,ImCsc(Arg1 As Variant) As String,,UNASSESSED,,
WorksheetFunction,ImCsch,method,ImCsch(Arg1 As Variant) As String,,UNASSESSED,,
WorksheetFunction,ImDiv,method,"ImDiv(Arg1 As Variant, Arg2 As Variant) As String",,UNASSESSED,,
WorksheetFunction,ImExp,method,ImExp(Arg1 As Variant) As String,,UNASSESSED,,
WorksheetFunction,ImLn,method,ImLn(Arg1 As Variant) As String,,UNASSESSED,,
WorksheetFunction,ImLog10,method,ImLog10(Arg1 As Variant) As String,,UNASSESSED,,
WorksheetFunction,ImLog2,method,ImLog2(Arg1 As Variant) As String,,UNASSESSED,,
WorksheetFunction,ImPower,method,"ImPower(Arg1 As Variant, Arg2 As Variant) As String",,UNASSESSED,,
WorksheetFunction,ImProduct,method,"ImProduct(Arg1 As Variant, [Arg2 As Variant], [Arg3 As Variant], [Arg4 As Variant], [Arg5 As Variant], [Arg6 As Variant], [Arg7 As Variant], [Arg8 As Variant], [Arg9 As Variant], [Arg10 As Variant], [Arg11 As Variant], [Arg12 As Variant], [Arg13 As Variant], [Arg14 As Variant], [Arg15 As Variant], [Arg16 As Variant], [Arg17 As Variant], [Arg18 As Variant], [Arg19 As Variant], [Arg20 As Variant], [Arg21 As Variant], [Arg22 As Variant], [Arg23 As Variant], [Arg24 As Variant], [Arg25 As Variant], [Arg26 As Variant], [Arg27 As Variant], [Arg28 As Variant], [Arg29 As Variant], [Arg30 As Variant]) As String",,UNASSESSED,,
WorksheetFunction,ImReal,method,ImReal(Arg1 As Variant) As Double,,UNASSESSED,,
WorksheetFunction,ImSec,method,ImSec(Arg1 As Variant) As String,,UNASSESSED,,
WorksheetFunction,ImSech,method,ImSech(Arg1 As Variant) As String,,UNASSESSED,,
WorksheetFunction,ImSin,method,ImSin(Arg1 As Variant) As String,,UNASSESSED,,
WorksheetFunction,ImSinh,method,ImSinh(Arg1 As Variant) As String,,UNASSESSED,,
WorksheetFunction,ImSqrt,method,ImSqrt(Arg1 As Variant) As String,,UNASSESSED,,
WorksheetFunction,ImSub,method,"ImSub(Arg1 As Variant, Arg2 As Variant) As String",,UNASSESSED,,
WorksheetFunction,ImSum,method,"ImSum(Arg1 As Variant, [Arg2 As Variant], [Arg3 As Variant], [Arg4 As Variant], [Arg5 As Variant], [Arg6 As Variant], [Arg7 As Variant], [Arg8 As Variant], [Arg9 As Variant], [Arg10 As Variant], [Arg11 As Variant], [Arg12 As Variant], [Arg13 As Variant], [Arg14 As Variant], [Arg15 As Variant], [Arg16 As Variant], [Arg17 As Variant], [Arg18 As Variant], [Arg19 As Variant], [Arg20 As Variant], [Arg21 As Variant], [Arg22 As Variant], [Arg23 As Variant], [Arg24 As Variant], [Arg25 As Variant], [Arg26 As Variant], [Arg27 As Variant], [Arg28 As Variant], [Arg29 As Variant], [Arg30 As Variant]) As String",,UNASSESSED,,
WorksheetFunction,ImTan,method,ImTan(Arg1 As Variant) As String,,UNASSESSED,,
WorksheetFunction,Index,method,"Index(Arg1 As Variant, Arg2 As Double, [Arg3 As Variant], [Arg4 As Variant]) As Variant",,PARTIAL,tests/fixtures/worksheet_functions.json,"The formula engine's function, called as a cell calls it; a range or array given where one value is wanted is not run item by item."
WorksheetFunction,Intercept,method,"Intercept(Arg1 As Variant, Arg2 As Variant) As Double",,UNASSESSED,,
WorksheetFunction,IntRate,method,"IntRate(Arg1 As Variant, Arg2 As Variant, Arg3 As Variant, Arg4 As Variant, [Arg5 As Variant]) As Double",,UNASSESSED,,
WorksheetFunction,Ipmt,method,"Ipmt(Arg1 As Double, Arg2 As Double, Arg3 As Double, Arg4 As Double, [Arg5 As Variant], [Arg6 As Variant]) As Double",,UNASSESSED,,
WorksheetFunction,Irr,method,"Irr(Arg1 As Variant, [Arg2 As Variant]) As Double",,UNASSESSED,,
WorksheetFunction,IsErr,method,IsErr(Arg1 As Variant) As Boolean,,PARTIAL,tests/fixtures/worksheet_functions.json,"The formula engine's function, called as a cell calls it; a range or array given where one value is wanted is not run item by item."
WorksheetFunction,IsError,method,IsError(Arg1 As Variant) As Boolean,,PARTIAL,tests/fixtures/worksheet_functions.json,"The formula engine's function, called as a cell calls it; a range or array given where one value is wanted is not run item by item."
WorksheetFunction,IsEven,method,IsEven(Arg1 As Variant) As Boolean,,UNASSESSED,,
WorksheetFunction,IsFormula,method,IsFormula(Arg1 As Range) As Boolean,,UNASSESSED,,
WorksheetFunction,IsLogical,method,IsLogical(Arg1 As Variant) As Boolean,,PARTIAL,tests/fixtures/worksheet_functions.json,"The formula engine's function, called as a cell calls it; a range or array given where one value is wanted is not run item by item."
WorksheetFunction,IsNA,method,IsNA(Arg1 As Variant) As Boolean,,PARTIAL,tests/fixtures/worksheet_functions.json,"The formula engine's function, called as a cell calls it; a range or array given where one value is wanted is not run item by item."
WorksheetFunction,IsNonText,method,IsNonText(Arg1 As Variant) As Boolean,,PARTIAL,tests/fixtures/worksheet_functions.json,"The formula engine's function, called as a cell calls it; a range or array given where one value is wanted is not run item by item."
WorksheetFunction,IsNumber,method,IsNumber(Arg1 As Variant) As Boolean,,PARTIAL,tests/fixtures/worksheet_functions.json,"The formula engine's function, called as a cell calls it; a range or array given where one value is wanted is not run item by item."
WorksheetFunction,ISO_Ceiling,method,"ISO_Ceiling(Arg1 As Double, [Arg2 As Variant]) As Double",,UNASSESSED,,
WorksheetFunction,IsOdd,method,IsOdd(Arg1 As Variant) As Boolean,,UNASSESSED,,
WorksheetFunction,IsoWeekNum,method,"IsoWeekNum(Arg1 As Double, [Arg2 As Variant]) As Double",,UNASSESSED,,
WorksheetFunction,Ispmt,method,"Ispmt(Arg1 As Double, Arg2 As Double, Arg3 As Double, Arg4 As Double) As Double",,UNASSESSED,,
WorksheetFunction,IsText,method,IsText(Arg1 As Variant) As Boolean,,PARTIAL,tests/fixtures/worksheet_functions.json,"The formula engine's function, called as a cell calls it; a range or array given where one value is wanted is not run item by item."
WorksheetFunction,Kurt,method,"Kurt(Arg1 As Variant, [Arg2 As Variant], [Arg3 As Variant], [Arg4 As Variant], [Arg5 As Variant], [Arg6 As Variant], [Arg7 As Variant], [Arg8 As Variant], [Arg9 As Variant], [Arg10 As Variant], [Arg11 As Variant], [Arg12 As Variant], [Arg13 As Variant], [Arg14 As Variant], [Arg15 As Variant], [Arg16 As Variant], [Arg17 As Variant], [Arg18 As Variant], [Arg19 As Variant], [Arg20 As Variant], [Arg21 As Variant], [Arg22 As Variant], [Arg23 As Variant], [Arg24 As Variant], [Arg25 As Variant], [Arg26 As Variant], [Arg27 As Variant], [Arg28 As Variant], [Arg29 As Variant], [Arg30 As Variant]) As Double",,UNASSESSED,,
WorksheetFunction,Large,method,"Large(Arg1 As Variant, Arg2 As Double) As Double",,PARTIAL,tests/fixtures/worksheet_functions.json,"The formula engine's function, called as a cell calls it; a range or array given where one value is wanted is not run item by item."
WorksheetFunction,Lcm,method,"Lcm(Arg1 As Variant, [Arg2 As Variant], [Arg3 As Variant], [Arg4 As Variant], [Arg5 As Variant], [Arg6 As Variant], [Arg7 As Variant], [Arg8 As Variant], [Arg9 As Variant], [Arg10 As Variant], [Arg11 As Variant], [Arg12 As Variant], [Arg13 As Variant], [Arg14 As Variant], [Arg15 As Variant], [Arg16 As Variant], [Arg17 As Variant], [Arg18 As Variant], [Arg19 As Variant], [Arg20 As Variant], [Arg21 As Variant], [Arg22 As Variant], [Arg23 As Variant], [Arg24 As Variant], [Arg25 As Variant], [Arg26 As Variant], [Arg27 As Variant], [Arg28 As Variant], [Arg29 As Variant], [Arg30 As Variant]) As Double",,UNASSESSED,,
WorksheetFunction,LinEst,method,"LinEst(Arg1 As Variant, [Arg2 As Variant], [Arg3 As Variant], [Arg4 As Variant]) As Variant",,UNASSESSED,,
WorksheetFunction,Ln,method,Ln(Arg1 As Double) As Double,,PARTIAL,tests/fixtures/worksheet_functions.json,"The formula engine's function, called as a cell calls it; a range or array given where one value is wanted is not run item by item."
WorksheetFunction,Log,method,"Log(Arg1 As Double, [Arg2 As Variant]) As Double",,PARTIAL,tests/fixtures/worksheet_functions.json,"The formula engine's function, called as a cell calls it; a range or array given where one value is wanted is not run item by item."
WorksheetFunction,Log10,method,Log10(Arg1 As Double) As Double,,PARTIAL,tests/fixtures/worksheet_functions.json,"The formula engine's function, called as a cell calls it; a range or array given where one value is wanted is not run item by item."
WorksheetFunction,LogEst,method,"LogEst(Arg1 As Variant, [Arg2 As Variant], [Arg3 As Variant], [Arg4 As Variant]) As Variant",,UNASSESSED,,
WorksheetFunction,LogInv,method,"LogInv(Arg1 As Double, Arg2 As Double, Arg3 As Double) As Double",,UNASSESSED,,
WorksheetFunction,LogNorm_Dist,method,"LogNorm_Dist(Arg1 As Double, Arg2 As Double, Arg3 As Double, Arg4 As Boolean) As Double",,UNASSESSED,,
WorksheetFunction,LogNorm_Inv,method,"LogNorm_Inv(Arg1 As Double, Arg2 As Double, Arg3 As Double) As Double",,UNASSESSED,,
WorksheetFunction,LogNormDist,method,"LogNormDist(Arg1 As Double, Arg2 As Double, Arg3 As Double) As Double",,UNASSESSED,,
WorksheetFunction,Lookup,method,"Lookup(Arg1 As Variant, Arg2 As Variant, [Arg3 As Variant]) As Variant",,UNASSESSED,,
WorksheetFunction,Match,method,"Match(Arg1 As Variant, Arg2 As Variant, [Arg3 As Variant]) As Double",,PARTIAL,tests/fixtures/worksheet_functions.json,"The formula engine's function, called as a cell calls it; a range or array given where one value is wanted is not run item by item."
WorksheetFunction,Max,method,"Max(Arg1 As Variant, [Arg2 As Variant], [Arg3 As Variant], [Arg4 As Variant], [Arg5 As Variant], [Arg6 As Variant], [Arg7 As Variant], [Arg8 As Variant], [Arg9 As Variant], [Arg10 As Variant], [Arg11 As Variant], [Arg12 As Variant], [Arg13 As Variant], [Arg14 As Variant], [Arg15 As Variant], [Arg16 As Variant], [Arg17 As Variant], [Arg18 As Variant], [Arg19 As Variant], [Arg20 As Variant], [Arg21 As Variant], [Arg22 As Variant], [Arg23 As Variant], [Arg24 As Variant], [Arg25 As Variant], [Arg26 As Variant], [Arg27 As Variant], [Arg28 As Variant], [Arg29 As Variant], [Arg30 As Variant]) As Double",,PARTIAL,tests/fixtures/worksheet_functions.json,"The formula engine's function, called as a cell calls it; a range or array given where one value is wanted is not run item by item."
WorksheetFunction,MaxIfs,method,"MaxIfs(Arg1 As Range, Arg2 As Range, Arg3 As Variant, [Arg4 As Variant], [Arg5 As Variant], [Arg6 As Variant], [Arg7 As Variant], [Arg8 As Variant], [Arg9 As Variant], [Arg10 As Variant], [Arg11 As Variant], [Arg12 As Variant], [Arg13 As Variant], [Arg14 As Variant], [Arg15 As Variant], [Arg16 As Variant], [Arg17 As Variant], [Arg18 As Variant], [Arg19 As Variant], [Arg20 As Variant], [Arg21 As Variant], [Arg22 As Variant], [Arg23 As Variant], [Arg24 As Variant], [Arg25 As Variant], [Arg26 As Variant], [Arg27 As Variant], [Arg28 As Variant], [Arg29 As Variant]) As Double",,UNASSESSED,,
WorksheetFunction,MDeterm,method,MDeterm(Arg1 As Variant) As Double,,UNASSESSED,,
WorksheetFunction,MDuration,method,"MDuration(Arg1 As Variant, Arg2 As Variant, Arg3 As Variant, Arg4 As Variant, Arg5 As Variant, [Arg6 As Variant]) As Double",,UNASSESSED,,
WorksheetFunction,Median,method,"Median(Arg1 As Variant, [Arg2 As Variant], [Arg3 As Variant], [Arg4 As Variant], [Arg5 As Variant], [Arg6 As Variant], [Arg7 As Variant], [Arg8 As Variant], [Arg9 As Variant], [Arg10 As Variant], [Arg11 As Variant], [Arg12 As Variant], [Arg13 As Variant], [Arg14 As Variant], [Arg15 As Variant], [Arg16 As Variant], [Arg17 As Variant], [Arg18 As Variant], [Arg19 As Variant], [Arg20 As Variant], [Arg21 As Variant], [Arg22 As Variant], [Arg23 As Variant], [Arg24 As Variant], [Arg25 As Variant], [Arg26 As Variant], [Arg27 As Variant], [Arg28 As Variant], [Arg29 As Variant], [Arg30 As Variant]) As Double",,PARTIAL,tests/fixtures/worksheet_functions.json,"The formula engine's function, called as a cell calls it; a range or array given where one value is wanted is not run item by item."
WorksheetFunction,Min,method,"Min(Arg1 As Variant, [Arg2 As Variant], [Arg3 As Variant], [Arg4 As Variant], [Arg5 As Variant], [Arg6 As Variant], [Arg7 As Variant], [Arg8 As Variant], [Arg9 As Variant], [Arg10 As Variant], [Arg11 As Variant], [Arg12 As Variant], [Arg13 As Variant], [Arg14 As Variant], [Arg15 As Variant], [Arg16 As Variant], [Arg17 As Variant], [Arg18 As Variant], [Arg19 As Variant], [Arg20 As Variant], [Arg21 As Variant], [Arg22 As Variant], [Arg23 As Variant], [Arg24 As Variant], [Arg25 As Variant], [Arg26 As Variant], [Arg27 As Variant], [Arg28 As Variant], [Arg29 As Variant], [Arg30 As Variant]) As Double",,PARTIAL,tests/fixtures/worksheet_functions.json,"The formula engine's function, called as a cell calls it; a range or array given where one value is wanted is not run item by item."
WorksheetFunction,MinIfs,method,"MinIfs(Arg1 As Range, Arg2 As Range, Arg3 As Variant, [Arg4 As Variant], [Arg5 As Variant], [Arg6 As Variant], [Arg7 As Variant], [Arg8 As Variant], [Arg9 As Variant], [Arg10 As Variant], [Arg11 As Variant], [Arg12 As Variant], [Arg13 As Variant], [Arg14 As Variant], [Arg15 As Variant], [Arg16 As Variant], [Arg17 As Variant], [Arg18 As Variant], [Arg19 As Variant], [Arg20 As Variant], [Arg21 As Variant], [Arg22 As Variant], [Arg23 As Variant], [Arg24 As Variant], [Arg25 As Variant], [Arg26 As Variant], [Arg27 As Variant], [Arg28 As Variant], [Arg29 As Variant]) As Double",,UNASSESSED,,
WorksheetFunction,MInverse,method,MInverse(Arg1 As Variant) As Variant,,UNASSESSED,,
WorksheetFunction,MIrr,method,"MIrr(Arg1 As Variant, Arg2 As Double, Arg3 As Double) As Double",,UNASSESSED,,
WorksheetFunction,MMult,method,"MMult(Arg1 As Variant, Arg2 As Variant) As Variant",,UNASSESSED,,
WorksheetFunction,Mode,method,"Mode(Arg1 As Variant, [Arg2 As Variant], [Arg3 As Variant], [Arg4 As Variant], [Arg5 As Variant], [Arg6 As Variant], [Arg7 As Variant], [Arg8 As Variant], [Arg9 As Variant], [Arg10 As Variant], [Arg11 As Variant], [Arg12 As Variant], [Arg13 As Variant], [Arg14 As Variant], [Arg15 As Variant], [Arg16 As Variant], [Arg17 As Variant], [Arg18 As Variant], [Arg19 As Variant], [Arg20 As Variant], [Arg21 As Variant], [Arg22 As Variant], [Arg23 As Variant], [Arg24 As Variant], [Arg25 As Variant], [Arg26 As Variant], [Arg27 As Variant], [Arg28 As Variant], [Arg29 As Variant], [Arg30 As Variant]) As Double",,UNASSESSED,,
WorksheetFunction,Mode_Mult,method,"Mode_Mult(Arg1 As Variant, [Arg2 As Variant], [Arg3 As Variant], [Arg4 As Variant], [Arg5 As Variant], [Arg6 As Variant], [Arg7 As Variant], [Arg8 As Variant], [Arg9 As Variant], [Arg10 As Variant], [Arg11 As Variant], [Arg12 As Variant], [Arg13 As Variant], [Arg14 As Variant], [Arg15 As Variant], [Arg16 As Variant], [Arg17 As Variant], [Arg18 As Variant], [Arg19 As Variant], [Arg20 As Variant], [Arg21 As Variant], [Arg22 As Variant], [Arg23 As Variant], [Arg24 As Variant], [Arg25 As Variant], [Arg26 As Variant], [Arg27 As Variant], [Arg28 As Variant], [Arg29 As Variant], [Arg30 As Variant]) As Variant",,UNASSESSED,,
WorksheetFunction,Mode_Sngl,method,"Mode_Sngl(Arg1 As Variant, [Arg2 As Variant], [Arg3 As Variant], [Arg4 As Variant], [Arg5 As Variant], [Arg6 As Variant], [Arg7 As Variant], [Arg8 As Variant], [Arg9 As Variant], [Arg10 As Variant], [Arg11 As Variant], [Arg12 As Variant], [Arg13 As Variant], [Arg14 As Variant], [Arg15 As Variant], [Arg16 As Variant], [Arg17 As Variant], [Arg18 As Variant], [Arg19 As Variant], [Arg20 As Variant], [Arg21 As Variant], [Arg22 As Variant], [Arg23 As Variant], [Arg24 As Variant], [Arg25 As Variant], [Arg26 As Variant], [Arg27 As Variant], [Arg28 As Variant], [Arg29 As Variant], [Arg30 As Variant]) As Double",,UNASSESSED,,
WorksheetFunction,MRound,method,"MRound(Arg1 As Variant, Arg2 As Variant) As Double",,PARTIAL,tests/fixtures/worksheet_functions.json,"The formula engine's function, called as a cell calls it; a range or array given where one value is wanted is not run item by item."
WorksheetFunction,MultiNomial,method,"MultiNomial(Arg1 As Variant, [Arg2 As Variant], [Arg3 As Variant], [Arg4 As Variant], [Arg5 As Variant], [Arg6 As Variant], [Arg7 As Variant], [Arg8 As Variant], [Arg9 As Variant], [Arg10 As Variant], [Arg11 As Variant], [Arg12 As Variant], [Arg13 As Variant], [Arg14 As Variant], [Arg15 As Variant], [Arg16 As Variant], [Arg17 As Variant], [Arg18 As Variant], [Arg19 As Variant], [Arg20 As Variant], [Arg21 As Variant], [Arg22 As Variant], [Arg23 As Variant], [Arg24 As Variant], [Arg25 As Variant], [Arg26 As Variant], [Arg27 As Variant], [Arg28 As Variant], [Arg29 As Variant], [Arg30 As Variant]) As Double",,UNASSESSED,,
WorksheetFunction,Munit,method,Munit(Arg1 As Double) As Variant,,UNASSESSED,,
WorksheetFunction,NegBinom_Dist,method,"NegBinom_Dist(Arg1 As Double, Arg2 As Double, Arg3 As Double, Arg4 As Boolean) As Double",,UNASSESSED,,
WorksheetFunction,NegBinomDist,method,"NegBinomDist(Arg1 As Double, Arg2 As Double, Arg3 As Double) As Double",,UNASSESSED,,
WorksheetFunction,NetworkDays,method,"NetworkDays(Arg1 As Variant, Arg2 As Variant, [Arg3 As Variant]) As Double",,UNASSESSED,,
WorksheetFunction,NetworkDays_Intl,method,"NetworkDays_Intl(Arg1 As Variant, Arg2 As Variant, [Arg3 As Variant], [Arg4 As Variant]) As Double",,UNASSESSED,,
WorksheetFunction,Nominal,method,"Nominal(Arg1 As Variant, Arg2 As Variant) As Double",,UNASSESSED,,
WorksheetFunction,Norm_Dist,method,"Norm_Dist(Arg1 As Double, Arg2 As Double, Arg3 As Double, Arg4 As Boolean) As Double",,UNASSESSED,,
WorksheetFunction,Norm_Inv,method,"Norm_Inv(Arg1 As Double, Arg2 As Double, Arg3 As Double) As Double",,UNASSESSED,,
WorksheetFunction,Norm_S_Dist,method,"Norm_S_Dist(Arg1 As Double, Arg2 As Boolean) As Double",,UNASSESSED,,
WorksheetFunction,Norm_S_Inv,method,Norm_S_Inv(Arg1 As Double) As Double,,UNASSESSED,,
WorksheetFunction,NormDist,method,"NormDist(Arg1 As Double, Arg2 As Double, Arg3 As Double, Arg4 As Boolean) As Double",,UNASSESSED,,
WorksheetFunction,NormInv,method,"NormInv(Arg1 As Double, Arg2 As Double, Arg3 As Double) As Double",,UNASSESSED,,
WorksheetFunction,NormSDist,method,NormSDist(Arg1 As Double) As Double,,UNASSESSED,,
WorksheetFunction,NormSInv,method,NormSInv(Arg1 As Double) As Double,,UNASSESSED,,
WorksheetFunction,NPer,method,"NPer(Arg1 As Double, Arg2 As Double, Arg3 As Double, [Arg4 As Variant], [Arg5 As Variant]) As Double",,UNASSESSED,,
WorksheetFunction,Npv,method,"Npv(Arg1 As Double, Arg2 As Variant, [Arg3 As Variant], [Arg4 As Variant], [Arg5 As Variant], [Arg6 As Variant], [Arg7 As Variant], [Arg8 As Variant], [Arg9 As Variant], [Arg10 As Variant], [Arg11 As Variant], [Arg12 As Variant], [Arg13 As Variant], [Arg14 As Variant], [Arg15 As Variant], [Arg16 As Variant], [Arg17 As Variant], [Arg18 As Variant], [Arg19 As Variant], [Arg20 As Variant], [Arg21 As Variant], [Arg22 As Variant], [Arg23 As Variant], [Arg24 As Variant], [Arg25 As Variant], [Arg26 As Variant], [Arg27 As Variant], [Arg28 As Variant], [Arg29 As Variant], [Arg30 As Variant]) As Double",,UNASSESSED,,
WorksheetFunction,NumberValue,method,"NumberValue(Arg1 As String, Arg2 As String, Arg3 As String) As Double",,UNASSESSED,,
WorksheetFunction,Oct2Bin,method,"Oct2Bin(Arg1 As Variant, [Arg2 As Variant]) As String",,UNASSESSED,,
WorksheetFunction,Oct2Dec,method,Oct2Dec(Arg1 As Variant) As String,,UNASSESSED,,
WorksheetFunction,Oct2Hex,method,"Oct2Hex(Arg1 As Variant, [Arg2 As Variant]) As String",,UNASSESSED,,
WorksheetFunction,Odd,method,Odd(Arg1 As Double) As Double,,UNASSESSED,,
WorksheetFunction,OddFPrice,method,"OddFPrice(Arg1 As Variant, Arg2 As Variant, Arg3 As Variant, Arg4 As Variant, Arg5 As Variant, Arg6 As Variant, Arg7 As Variant, Arg8 As Variant, [Arg9 As Variant]) As Double",,MISSING,,
WorksheetFunction,OddFYield,method,"OddFYield(Arg1 As Variant, Arg2 As Variant, Arg3 As Variant, Arg4 As Variant, Arg5 As Variant, Arg6 As Variant, Arg7 As Variant, Arg8 As Variant, [Arg9 As Variant]) As Double",,MISSING,,
WorksheetFunction,OddLPrice,method,"OddLPrice(Arg1 As Variant, Arg2 As Variant, Arg3 As Variant, Arg4 As Variant, Arg5 As Variant, Arg6 As Variant, Arg7 As Variant, [Arg8 As Variant]) As Double",,MISSING,,
WorksheetFunction,OddLYield,method,"OddLYield(Arg1 As Variant, Arg2 As Variant, Arg3 As Variant, Arg4 As Variant, Arg5 As Variant, Arg6 As Variant, Arg7 As Variant, [Arg8 As Variant]) As Double",,MISSING,,
WorksheetFunction,Or,method,"Or(Arg1 As Variant, [Arg2 As Variant], [Arg3 As Variant], [Arg4 As Variant], [Arg5 As Variant], [Arg6 As Variant], [Arg7 As Variant], [Arg8 As Variant], [Arg9 As Variant], [Arg10 As Variant], [Arg11 As Variant], [Arg12 As Variant], [Arg13 As Variant], [Arg14 As Variant], [Arg15 As Variant], [Arg16 As Variant], [Arg17 As Variant], [Arg18 As Variant], [Arg19 As Variant], [Arg20 As Variant], [Arg21 As Variant], [Arg22 As Variant], [Arg23 As Variant], [Arg24 As Variant], [Arg25 As Variant], [Arg26 As Variant], [Arg27 As Variant], [Arg28 As Variant], [Arg29 As Variant], [Arg30 As Variant]) As Boolean",,PARTIAL,tests/fixtures/worksheet_functions.json,"The formula engine's function, called as a cell calls it; a range or array given where one value is wanted is not run item by item."
WorksheetFunction,Parent,"property, read-only",As Object,,MISSING,,
WorksheetFunction,PDuration,method,"PDuration(Arg1 As Double, Arg2 As Double, Arg3 As Double) As Double",,UNASSESSED,,
WorksheetFunction,Pearson,method,"Pearson(Arg1 As Variant, Arg2 As Variant) As Double",,UNASSESSED,,
WorksheetFunction,Percentile,method,"Percentile(Arg1 As Variant, Arg2 As Double) As Double",,UNASSESSED,,
WorksheetFunction,Percentile_Exc,method,"Percentile_Exc(Arg1 As Variant, Arg2 As Double) As Double",,UNASSESSED,,
WorksheetFunction,Percentile_Inc,method,"Percentile_Inc(Arg1 As Variant, Arg2 As Double) As Double",,UNASSESSED,,
WorksheetFunction,PercentRank,method,"PercentRank(Arg1 As Variant, Arg2 As Double, [Arg3 As Variant]) As Double",,UNASSESSED,,
WorksheetFunction,PercentRank_Exc,method,"PercentRank_Exc(Arg1 As Variant, Arg2 As Double, [Arg3 As Variant]) As Double",,UNASSESSED,,
WorksheetFunction,PercentRank_Inc,method,"PercentRank_Inc(Arg1 As Variant, Arg2 As Double, [Arg3 As Variant]) As Double",,UNASSESSED,,
WorksheetFunction,Permut,method,"Permut(Arg1 As Double, Arg2 As Double) As Double",,UNASSESSED,,
WorksheetFunction,Permutationa,method,"Permutationa(Arg1 As Double, Arg2 As Double) As Double",,UNASSESSED,,
WorksheetFunction,Phi,method,Phi(Arg1 As Double) As Double,,UNASSESSED,,
WorksheetFunction,Phonetic,method,Phonetic(Arg1 As Range) As String,,MISSING,,
WorksheetFunction,Pi,method,Pi() As Double,,PARTIAL,tests/fixtures/worksheet_functions.json,"The formula engine's function, called as a cell calls it; a range or array given where one value is wanted is not run item by item."
WorksheetFunction,Pmt,method,"Pmt(Arg1 As Double, Arg2 As Double, Arg3 As Double, [Arg4 As Variant], [Arg5 As Variant]) As Double",,UNASSESSED,,
WorksheetFunction,Poisson,method,"Poisson(Arg1 As Double, Arg2 As Double, Arg3 As Boolean) As Double",,UNASSESSED,,
WorksheetFunction,Poisson_Dist,method,"Poisson_Dist(Arg1 As Double, Arg2 As Double, Arg3 As Boolean) As Double",,UNASSESSED,,
WorksheetFunction,Power,method,"Power(Arg1 As Double, Arg2 As Double) As Double",,PARTIAL,tests/fixtures/worksheet_functions.json,"The formula engine's function, called as a cell calls it; a range or array given where one value is wanted is not run item by item."
WorksheetFunction,Ppmt,method,"Ppmt(Arg1 As Double, Arg2 As Double, Arg3 As Double, Arg4 As Double, [Arg5 As Variant], [Arg6 As Variant]) As Double",,UNASSESSED,,
WorksheetFunction,Price,method,"Price(Arg1 As Variant, Arg2 As Variant, Arg3 As Variant, Arg4 As Variant, Arg5 As Variant, Arg6 As Variant, [Arg7 As Variant]) As Double",,UNASSESSED,,
WorksheetFunction,PriceDisc,method,"PriceDisc(Arg1 As Variant, Arg2 As Variant, Arg3 As Variant, Arg4 As Variant, [Arg5 As Variant]) As Double",,UNASSESSED,,
WorksheetFunction,PriceMat,method,"PriceMat(Arg1 As Variant, Arg2 As Variant, Arg3 As Variant, Arg4 As Variant, Arg5 As Variant, [Arg6 As Variant]) As Double",,UNASSESSED,,
WorksheetFunction,Prob,method,"Prob(Arg1 As Variant, Arg2 As Variant, Arg3 As Double, [Arg4 As Variant]) As Double",,UNASSESSED,,
WorksheetFunction,Product,method,"Product(Arg1 As Variant, [Arg2 As Variant], [Arg3 As Variant], [Arg4 As Variant], [Arg5 As Variant], [Arg6 As Variant], [Arg7 As Variant], [Arg8 As Variant], [Arg9 As Variant], [Arg10 As Variant], [Arg11 As Variant], [Arg12 As Variant], [Arg13 As Variant], [Arg14 As Variant], [Arg15 As Variant], [Arg16 As Variant], [Arg17 As Variant], [Arg18 As Variant], [Arg19 As Variant], [Arg20 As Variant], [Arg21 As Variant], [Arg22 As Variant], [Arg23 As Variant], [Arg24 As Variant], [Arg25 As Variant], [Arg26 As Variant], [Arg27 As Variant], [Arg28 As Variant], [Arg29 As Variant], [Arg30 As Variant]) As Double",,PARTIAL,tests/fixtures/worksheet_functions.json,"The formula engine's function, called as a cell calls it; a range or array given where one value is wanted is not run item by item."
WorksheetFunction,Proper,method,Proper(Arg1 As String) As String,,PARTIAL,tests/fixtures/worksheet_functions.json,"The formula engine's function, called as a cell calls it; a range or array given where one value is wanted is not run item by item."
WorksheetFunction,Pv,method,"Pv(Arg1 As Double, Arg2 As Double, Arg3 As Double, [Arg4 As Variant], [Arg5 As Variant]) As Double",,UNASSESSED,,
WorksheetFunction,Quartile,method,"Quartile(Arg1 As Variant, Arg2 As Double) As Double",,UNASSESSED,,
WorksheetFunction,Quartile_Exc,method,"Quartile_Exc(Arg1 As Variant, Arg2 As Double) As Double",,UNASSESSED,,
WorksheetFunction,Quartile_Inc,method,"Quartile_Inc(Arg1 As Variant, Arg2 As Double) As Double",,UNASSESSED,,
WorksheetFunction,Quotient,method,"Quotient(Arg1 As Variant, Arg2 As Variant) As Double",,UNASSESSED,,
WorksheetFunction,Radians,method,Radians(Arg1 As Double) As Double,,UNASSESSED,,
WorksheetFunction,RandArray,method,"RandArray([Arg1 As Variant], [Arg2 As Variant], [Arg3 As Variant], [Arg4 As Variant], [Arg5 As Variant]) As Variant",,UNASSESSED,,
WorksheetFunction,RandBetween,method,"RandBetween(Arg1 As Variant, Arg2 As Variant) As Double",,UNASSESSED,,"The formula engine's function, not yet measured through VBA."
WorksheetFunction,Rank,method,"Rank(Arg1 As Double, Arg2 As Range, [Arg3 As Variant]) As Double",,UNASSESSED,,
WorksheetFunction,Rank_Avg,method,"Rank_Avg(Arg1 As Double, Arg2 As Range, [Arg3 As Variant]) As Double",,UNASSESSED,,
WorksheetFunction,Rank_Eq,method,"Rank_Eq(Arg1 As Double, Arg2 As Range, [Arg3 As Variant]) As Double",,UNASSESSED,,
WorksheetFunction,Rate,method,"Rate(Arg1 As Double, Arg2 As Double, Arg3 As Double, [Arg4 As Variant], [Arg5 As Variant], [Arg6 As Variant]) As Double",,UNASSESSED,,
WorksheetFunction,Received,method,"Received(Arg1 As Variant, Arg2 As Variant, Arg3 As Variant, Arg4 As Variant, [Arg5 As Variant]) As Double",,UNASSESSED,,
WorksheetFunction,Replace,method,"Replace(Arg1 As String, Arg2 As Double, Arg3 As Double, Arg4 As String) As String",,PARTIAL,tests/fixtures/worksheet_functions.json,"The formula engine's function, called as a cell calls it; a range or array given where one value is wanted is not run item by item."
WorksheetFunction,ReplaceB,method,"ReplaceB(Arg1 As String, Arg2 As Double, Arg3 As Double, Arg4 As String) As String",,UNASSESSED,,
WorksheetFunction,Rept,method,"Rept(Arg1 As String, Arg2 As Double) As String",,PARTIAL,tests/fixtures/worksheet_functions.json,"The formula engine's function, called as a cell calls it; a range or array given where one value is wanted is not run item by item."
WorksheetFunction,Roman,method,"Roman(Arg1 As Double, [Arg2 As Variant]) As String",,UNASSESSED,,
WorksheetFunction,Round,method,"Round(Arg1 As Double, Arg2 As Double) As Double",,PARTIAL,tests/fixtures/worksheet_functions.json,"The formula engine's function, called as a cell calls it; a range or array given where one value is wanted is not run item by item."
WorksheetFunction,RoundDown,method,"RoundDown(Arg1 As Double, Arg2 As Double) As Double",,PARTIAL,tests/fixtures/worksheet_functions.json,"The formula engine's function, called as a cell calls it; a range or array given where one value is wanted is not run item by item."
WorksheetFunction,RoundUp,method,"RoundUp(Arg1 As Double, Arg2 As Double) As Double",,PARTIAL,tests/fixtures/worksheet_functions.json,"The formula engine's function, called as a cell calls it; a range or array given where one value is wanted is not run item by item."
WorksheetFunction,Rri,method,"Rri(Arg1 As Double, Arg2 As Double, Arg3 As Double) As Double",,UNASSESSED,,
WorksheetFunction,RSq,method,"RSq(Arg1 As Variant, Arg2 As Variant) As Double",,UNASSESSED,,
WorksheetFunction,RTD,method,"RTD(progID As Variant, server As Variant, topic1 As Variant, [topic2 As Variant], [topic3 As Variant], [topic4 As Variant], [topic5 As Variant], [topic6 As Variant], [topic7 As Variant], [topic8 As Variant], [topic9 As Variant], [topic10 As Variant], [topic11 As Variant], [topic12 As Variant], [topic13 As Variant], [topic14 As Variant], [topic15 As Variant], [topic16 As Variant], [topic17 As Variant], [topic18 As Variant], [topic19 As Variant], [topic20 As Variant], [topic21 As Variant], [topic22 As Variant], [topic23 As Variant], [topic24 As Variant], [topic25 As Variant], [topic26 As Variant], [topic27 As Variant], [topic28 As Variant]) As Variant",,MISSING,,
WorksheetFunction,Search,method,"Search(Arg1 As String, Arg2 As String, [Arg3 As Variant]) As Double",,PARTIAL,tests/fixtures/worksheet_functions.json,"The formula engine's function, called as a cell calls it; a range or array given where one value is wanted is not run item by item."
WorksheetFunction,SearchB,method,"SearchB(Arg1 As String, Arg2 As String, [Arg3 As Variant]) As Double",,UNASSESSED,,
WorksheetFunction,Sec,method,Sec(Arg1 As Double) As Double,,UNASSESSED,,
WorksheetFunction,Sech,method,Sech(Arg1 As Double) As Double,,UNASSESSED,,
WorksheetFunction,Sequence,method,"Sequence(Arg1 As Variant, [Arg2 As Variant], [Arg3 As Variant], [Arg4 As Variant]) As Variant",,UNASSESSED,,
WorksheetFunction,SeriesSum,method,"SeriesSum(Arg1 As Variant, Arg2 As Variant, Arg3 As Variant, Arg4 As Variant) As Double",,UNASSESSED,,
WorksheetFunction,Single,method,Single(Arg1 As Variant) As Variant,,UNASSESSED,,
WorksheetFunction,Sinh,method,Sinh(Arg1 As Double) As Double,,UNASSESSED,,
WorksheetFunction,Skew,method,"Skew(Arg1 As Variant, [Arg2 As Variant], [Arg3 As Variant], [Arg4 As Variant], [Arg5 As Variant], [Arg6 As Variant], [Arg7 As Variant], [Arg8 As Variant], [Arg9 As Variant], [Arg10 As Variant], [Arg11 As Variant], [Arg12 As Variant], [Arg13 As Variant], [Arg14 As Variant], [Arg15 As Variant], [Arg16 As Variant], [Arg17 As Variant], [Arg18 As Variant], [Arg19 As Variant], [Arg20 As Variant], [Arg21 As Variant], [Arg22 As Variant], [Arg23 As Variant], [Arg24 As Variant], [Arg25 As Variant], [Arg26 As Variant], [Arg27 As Variant], [Arg28 As Variant], [Arg29 As Variant], [Arg30 As Variant]) As Double",,UNASSESSED,,
WorksheetFunction,Skew_p,method,"Skew_p(Arg1 As Variant, [Arg2 As Variant], [Arg3 As Variant], [Arg4 As Variant], [Arg5 As Variant], [Arg6 As Variant], [Arg7 As Variant], [Arg8 As Variant], [Arg9 As Variant], [Arg10 As Variant], [Arg11 As Variant], [Arg12 As Variant], [Arg13 As Variant], [Arg14 As Variant], [Arg15 As Variant], [Arg16 As Variant], [Arg17 As Variant], [Arg18 As Variant], [Arg19 As Variant], [Arg20 As Variant], [Arg21 As Variant], [Arg22 As Variant], [Arg23 As Variant], [Arg24 As Variant], [Arg25 As Variant], [Arg26 As Variant], [Arg27 As Variant], [Arg28 As Variant], [Arg29 As Variant], [Arg30 As Variant]) As Double",,UNASSESSED,,
WorksheetFunction,Sln,method,"Sln(Arg1 As Double, Arg2 As Double, Arg3 As Double) As Double",,UNASSESSED,,
WorksheetFunction,Slope,method,"Slope(Arg1 As Variant, Arg2 As Variant) As Double",,UNASSESSED,,
WorksheetFunction,Small,method,"Small(Arg1 As Variant, Arg2 As Double) As Double",,PARTIAL,tests/fixtures/worksheet_functions.json,"The formula engine's function, called as a cell calls it; a range or array given where one value is wanted is not run item by item."
WorksheetFunction,Sort,method,"Sort(Arg1 As Variant, [Arg2 As Variant], [Arg3 As Variant], [Arg4 As Variant]) As Variant",,UNASSESSED,,
WorksheetFunction,SortBy,method,"SortBy(Arg1 As Variant, Arg2 As Variant, Arg3 As Variant, [Arg4 As Variant], [Arg5 As Variant], [Arg6 As Variant], [Arg7 As Variant], [Arg8 As Variant], [Arg9 As Variant], [Arg10 As Variant], [Arg11 As Variant], [Arg12 As Variant], [Arg13 As Variant], [Arg14 As Variant], [Arg15 As Variant], [Arg16 As Variant], [Arg17 As Variant], [Arg18 As Variant], [Arg19 As Variant], [Arg20 As Variant], [Arg21 As Variant], [Arg22 As Variant], [Arg23 As Variant], [Arg24 As Variant], [Arg25 As Variant], [Arg26 As Variant], [Arg27 As Variant], [Arg28 As Variant], [Arg29 As Variant], [Arg30 As Variant]) As Variant",,UNASSESSED,,
WorksheetFunction,SqrtPi,method,SqrtPi(Arg1 As Variant) As Double,,UNASSESSED,,
WorksheetFunction,Standardize,method,"Standardize(Arg1 As Double, Arg2 As Double, Arg3 As Double) As Double",,UNASSESSED,,
WorksheetFunction,StDev,method,"StDev(Arg1 As Variant, [Arg2 As Variant], [Arg3 As Variant], [Arg4 As Variant], [Arg5 As Variant], [Arg6 As Variant], [Arg7 As Variant], [Arg8 As Variant], [Arg9 As Variant], [Arg10 As Variant], [Arg11 As Variant], [Arg12 As Variant], [Arg13 As Variant], [Arg14 As Variant], [Arg15 As Variant], [Arg16 As Variant], [Arg17 As Variant], [Arg18 As Variant], [Arg19 As Variant], [Arg20 As Variant], [Arg21 As Variant], [Arg22 As Variant], [Arg23 As Variant], [Arg24 As Variant], [Arg25 As Variant], [Arg26 As Variant], [Arg27 As Variant], [Arg28 As Variant], [Arg29 As Variant], [Arg30 As Variant]) As Double",,PARTIAL,tests/fixtures/worksheet_functions.json,"The formula engine's function, called as a cell calls it; a range or array given where one value is wanted is not run item by item."
WorksheetFunction,StDev_P,method,"StDev_P(Arg1 As Variant, [Arg2 As Variant], [Arg3 As Variant], [Arg4 As Variant], [Arg5 As Variant], [Arg6 As Variant], [Arg7 As Variant], [Arg8 As Variant], [Arg9 As Variant], [Arg10 As Variant], [Arg11 As Variant], [Arg12 As Variant], [Arg13 As Variant], [Arg14 As Variant], [Arg15 As Variant], [Arg16 As Variant], [Arg17 As Variant], [Arg18 As Variant], [Arg19 As Variant], [Arg20 As Variant], [Arg21 As Variant], [Arg22 As Variant], [Arg23 As Variant], [Arg24 As Variant], [Arg25 As Variant], [Arg26 As Variant], [Arg27 As Variant], [Arg28 As Variant], [Arg29 As Variant], [Arg30 As Variant]) As Double",,PARTIAL,tests/fixtures/worksheet_functions.json,"The formula engine's function, called as a cell calls it; a range or array given where one value is wanted is not run item by item."
WorksheetFunction,StDev_S,method,"StDev_S(Arg1 As Variant, [Arg2 As Variant], [Arg3 As Variant], [Arg4 As Variant], [Arg5 As Variant], [Arg6 As Variant], [Arg7 As Variant], [Arg8 As Variant], [Arg9 As Variant], [Arg10 As Variant], [Arg11 As Variant], [Arg12 As Variant], [Arg13 As Variant], [Arg14 As Variant], [Arg15 As Variant], [Arg16 As Variant], [Arg17 As Variant], [Arg18 As Variant], [Arg19 As Variant], [Arg20 As Variant], [Arg21 As Variant], [Arg22 As Variant], [Arg23 As Variant], [Arg24 As Variant], [Arg25 As Variant], [Arg26 As Variant], [Arg27 As Variant], [Arg28 As Variant], [Arg29 As Variant], [Arg30 As Variant]) As Double",,PARTIAL,tests/fixtures/worksheet_functions.json,"The formula engine's function, called as a cell calls it; a range or array given where one value is wanted is not run item by item."
WorksheetFunction,StDevP,method,"StDevP(Arg1 As Variant, [Arg2 As Variant], [Arg3 As Variant], [Arg4 As Variant], [Arg5 As Variant], [Arg6 As Variant], [Arg7 As Variant], [Arg8 As Variant], [Arg9 As Variant], [Arg10 As Variant], [Arg11 As Variant], [Arg12 As Variant], [Arg13 As Variant], [Arg14 As Variant], [Arg15 As Variant], [Arg16 As Variant], [Arg17 As Variant], [Arg18 As Variant], [Arg19 As Variant], [Arg20 As Variant], [Arg21 As Variant], [Arg22 As Variant], [Arg23 As Variant], [Arg24 As Variant], [Arg25 As Variant], [Arg26 As Variant], [Arg27 As Variant], [Arg28 As Variant], [Arg29 As Variant], [Arg30 As Variant]) As Double",,PARTIAL,tests/fixtures/worksheet_functions.json,"The formula engine's function, called as a cell calls it; a range or array given where one value is wanted is not run item by item."
WorksheetFunction,StEyx,method,"StEyx(Arg1 As Variant, Arg2 As Variant) As Double",,UNASSESSED,,
WorksheetFunction,StockHistory,method,"StockHistory(Arg1 As Variant, Arg2 As Variant, [Arg3 As Variant], [Arg4 As Variant], [Arg5 As Variant], [Arg6 As Variant], [Arg7 As Variant], [Arg8 As Variant], [Arg9 As Variant], [Arg10 As Variant], [Arg11 As Variant], [Arg12 As Variant], [Arg13 As Variant], [Arg14 As Variant], [Arg15 As Variant], [Arg16 As Variant], [Arg17 As Variant], [Arg18 As Variant], [Arg19 As Variant], [Arg20 As Variant], [Arg21 As Variant], [Arg22 As Variant], [Arg23 As Variant], [Arg24 As Variant], [Arg25 As Variant], [Arg26 As Variant], [Arg27 As Variant], [Arg28 As Variant], [Arg29 As Variant]) As Variant",,MISSING,,
WorksheetFunction,Substitute,method,"Substitute(Arg1 As String, Arg2 As String, Arg3 As String, [Arg4 As Variant]) As String",,PARTIAL,tests/fixtures/worksheet_functions.json,"The formula engine's function, called as a cell calls it; a range or array given where one value is wanted is not run item by item."
WorksheetFunction,Subtotal,method,"Subtotal(Arg1 As Double, Arg2 As Range, [Arg3 As Variant], [Arg4 As Variant], [Arg5 As Variant], [Arg6 As Variant], [Arg7 As Variant], [Arg8 As Variant], [Arg9 As Variant], [Arg10 As Variant], [Arg11 As Variant], [Arg12 As Variant], [Arg13 As Variant], [Arg14 As Variant], [Arg15 As Variant], [Arg16 As Variant], [Arg17 As Variant], [Arg18 As Variant], [Arg19 As Variant], [Arg20 As Variant], [Arg21 As Variant], [Arg22 As Variant], [Arg23 As Variant], [Arg24 As Variant], [Arg25 As Variant], [Arg26 As Variant], [Arg27 As Variant], [Arg28 As Variant], [Arg29 As Variant], [Arg30 As Variant]) As Double",,PARTIAL,tests/fixtures/subtotal.json; tests/fixtures/autofilter_edits.json,"Through the formula engine's SUBTOTAL, each range as the cells it names: 1 to 11 pass over rows a filter hid, and every hidden row while the sheet is in filter mode; 101 to 111 over every hidden row. A value in place of a range reports itself unsupported."
WorksheetFunction,Sum,method,"Sum(Arg1 As Variant, [Arg2 As Variant], [Arg3 As Variant], [Arg4 As Variant], [Arg5 As Variant], [Arg6 As Variant], [Arg7 As Variant], [Arg8 As Variant], [Arg9 As Variant], [Arg10 As Variant], [Arg11 As Variant], [Arg12 As Variant], [Arg13 As Variant], [Arg14 As Variant], [Arg15 As Variant], [Arg16 As Variant], [Arg17 As Variant], [Arg18 As Variant], [Arg19 As Variant], [Arg20 As Variant], [Arg21 As Variant], [Arg22 As Variant], [Arg23 As Variant], [Arg24 As Variant], [Arg25 As Variant], [Arg26 As Variant], [Arg27 As Variant], [Arg28 As Variant], [Arg29 As Variant], [Arg30 As Variant]) As Double",,PARTIAL,tests/fixtures/worksheet_functions.json,"The formula engine's function, called as a cell calls it; a range or array given where one value is wanted is not run item by item."
WorksheetFunction,SumIf,method,"SumIf(Arg1 As Range, Arg2 As Variant, [Arg3 As Variant]) As Double",,PARTIAL,tests/fixtures/worksheet_functions.json,"The formula engine's function, called as a cell calls it; a range or array given where one value is wanted is not run item by item."
WorksheetFunction,SumIfs,method,"SumIfs(Arg1 As Range, Arg2 As Range, Arg3 As Variant, [Arg4 As Variant], [Arg5 As Variant], [Arg6 As Variant], [Arg7 As Variant], [Arg8 As Variant], [Arg9 As Variant], [Arg10 As Variant], [Arg11 As Variant], [Arg12 As Variant], [Arg13 As Variant], [Arg14 As Variant], [Arg15 As Variant], [Arg16 As Variant], [Arg17 As Variant], [Arg18 As Variant], [Arg19 As Variant], [Arg20 As Variant], [Arg21 As Variant], [Arg22 As Variant], [Arg23 As Variant], [Arg24 As Variant], [Arg25 As Variant], [Arg26 As Variant], [Arg27 As Variant], [Arg28 As Variant], [Arg29 As Variant]) As Double",,PARTIAL,tests/fixtures/worksheet_functions.json,"The formula engine's function, called as a cell calls it; a range or array given where one value is wanted is not run item by item."
WorksheetFunction,SumProduct,method,"SumProduct(Arg1 As Variant, [Arg2 As Variant], [Arg3 As Variant], [Arg4 As Variant], [Arg5 As Variant], [Arg6 As Variant], [Arg7 As Variant], [Arg8 As Variant], [Arg9 As Variant], [Arg10 As Variant], [Arg11 As Variant], [Arg12 As Variant], [Arg13 As Variant], [Arg14 As Variant], [Arg15 As Variant], [Arg16 As Variant], [Arg17 As Variant], [Arg18 As Variant], [Arg19 As Variant], [Arg20 As Variant], [Arg21 As Variant], [Arg22 As Variant], [Arg23 As Variant], [Arg24 As Variant], [Arg25 As Variant], [Arg26 As Variant], [Arg27 As Variant], [Arg28 As Variant], [Arg29 As Variant], [Arg30 As Variant]) As Double",,PARTIAL,tests/fixtures/worksheet_functions.json,"The formula engine's function, called as a cell calls it; a range or array given where one value is wanted is not run item by item."
WorksheetFunction,SumSq,method,"SumSq(Arg1 As Variant, [Arg2 As Variant], [Arg3 As Variant], [Arg4 As Variant], [Arg5 As Variant], [Arg6 As Variant], [Arg7 As Variant], [Arg8 As Variant], [Arg9 As Variant], [Arg10 As Variant], [Arg11 As Variant], [Arg12 As Variant], [Arg13 As Variant], [Arg14 As Variant], [Arg15 As Variant], [Arg16 As Variant], [Arg17 As Variant], [Arg18 As Variant], [Arg19 As Variant], [Arg20 As Variant], [Arg21 As Variant], [Arg22 As Variant], [Arg23 As Variant], [Arg24 As Variant], [Arg25 As Variant], [Arg26 As Variant], [Arg27 As Variant], [Arg28 As Variant], [Arg29 As Variant], [Arg30 As Variant]) As Double",,PARTIAL,tests/fixtures/worksheet_functions.json; tests/fixtures/variance.json,"The formula engine's function, called as a cell calls it; a range or array given where one value is wanted is not run item by item."
WorksheetFunction,SumX2MY2,method,"SumX2MY2(Arg1 As Variant, Arg2 As Variant) As Double",,UNASSESSED,,
WorksheetFunction,SumX2PY2,method,"SumX2PY2(Arg1 As Variant, Arg2 As Variant) As Double",,UNASSESSED,,
WorksheetFunction,SumXMY2,method,"SumXMY2(Arg1 As Variant, Arg2 As Variant) As Double",,UNASSESSED,,
WorksheetFunction,Syd,method,"Syd(Arg1 As Double, Arg2 As Double, Arg3 As Double, Arg4 As Double) As Double",,UNASSESSED,,
WorksheetFunction,T_Dist,method,"T_Dist(Arg1 As Double, Arg2 As Double, Arg3 As Boolean) As Double",,UNASSESSED,,
WorksheetFunction,T_Dist_2T,method,"T_Dist_2T(Arg1 As Double, Arg2 As Double) As Double",,UNASSESSED,,
WorksheetFunction,T_Dist_RT,method,"T_Dist_RT(Arg1 As Double, Arg2 As Double) As Double",,UNASSESSED,,
WorksheetFunction,T_Inv,method,"T_Inv(Arg1 As Double, Arg2 As Double) As Double",,UNASSESSED,,
WorksheetFunction,T_Inv_2T,method,"T_Inv_2T(Arg1 As Double, Arg2 As Double) As Double",,UNASSESSED,,
WorksheetFunction,T_Test,method,"T_Test(Arg1 As Variant, Arg2 As Variant, Arg3 As Double, Arg4 As Double) As Double",,UNASSESSED,,
WorksheetFunction,Tanh,method,Tanh(Arg1 As Double) As Double,,UNASSESSED,,
WorksheetFunction,TBillEq,method,"TBillEq(Arg1 As Variant, Arg2 As Variant, [Arg3 As Variant]) As Double",,UNASSESSED,,
WorksheetFunction,TBillPrice,method,"TBillPrice(Arg1 As Variant, Arg2 As Variant, [Arg3 As Variant]) As Double",,UNASSESSED,,
WorksheetFunction,TBillYield,method,"TBillYield(Arg1 As Variant, Arg2 As Variant, [Arg3 As Variant]) As Double",,UNASSESSED,,
WorksheetFunction,TDist,method,"TDist(Arg1 As Double, Arg2 As Double, Arg3 As Double) As Double",,UNASSESSED,,
WorksheetFunction,Text,method,"Text(Arg1 As Variant, Arg2 As String) As String",,PARTIAL,tests/fixtures/worksheet_functions.json,"The formula engine's function, called as a cell calls it; a range or array given where one value is wanted is not run item by item."
WorksheetFunction,TextJoin,method,"TextJoin(Arg1 As String, Arg2 As Boolean, Arg3 As String, [Arg4 As Variant], [Arg5 As Variant], [Arg6 As Variant], [Arg7 As Variant], [Arg8 As Variant], [Arg9 As Variant], [Arg10 As Variant], [Arg11 As Variant], [Arg12 As Variant], [Arg13 As Variant], [Arg14 As Variant], [Arg15 As Variant], [Arg16 As Variant], [Arg17 As Variant], [Arg18 As Variant], [Arg19 As Variant], [Arg20 As Variant], [Arg21 As Variant], [Arg22 As Variant], [Arg23 As Variant], [Arg24 As Variant], [Arg25 As Variant], [Arg26 As Variant], [Arg27 As Variant], [Arg28 As Variant], [Arg29 As Variant]) As String",,PARTIAL,tests/fixtures/worksheet_functions.json,"The formula engine's function, called as a cell calls it; a range or array given where one value is wanted is not run item by item."
WorksheetFunction,TInv,method,"TInv(Arg1 As Double, Arg2 As Double) As Double",,UNASSESSED,,
WorksheetFunction,Transpose,method,Transpose(Arg1 As Variant) As Variant,,PARTIAL,tests/fixtures/worksheet_functions.json,"The formula engine's function, called as a cell calls it; a range or array given where one value is wanted is not run item by item."
WorksheetFunction,Trend,method,"Trend(Arg1 As Variant, [Arg2 As Variant], [Arg3 As Variant], [Arg4 As Variant]) As Variant",,UNASSESSED,,
WorksheetFunction,Trim,method,Trim(Arg1 As String) As String,,PARTIAL,tests/fixtures/worksheet_functions.json,"The formula engine's function, called as a cell calls it; a range or array given where one value is wanted is not run item by item."
WorksheetFunction,TrimMean,method,"TrimMean(Arg1 As Variant, Arg2 As Double) As Double",,UNASSESSED,,
WorksheetFunction,TTest,method,"TTest(Arg1 As Variant, Arg2 As Variant, Arg3 As Double, Arg4 As Double) As Double",,UNASSESSED,,
WorksheetFunction,Unichar,method,Unichar(Arg1 As Double) As String,,UNASSESSED,,
WorksheetFunction,Unicode,method,Unicode(Arg1 As String) As Double,,UNASSESSED,,
WorksheetFunction,Unique,method,"Unique(Arg1 As Variant, [Arg2 As Variant], [Arg3 As Variant]) As Variant",,UNASSESSED,,
WorksheetFunction,USDollar,method,"USDollar(Arg1 As Double, Arg2 As Double) As String",,UNASSESSED,,
WorksheetFunction,ValueToText,method,"ValueToText(Arg1 As Variant, [Arg2 As Variant]) As String",,UNASSESSED,,
WorksheetFunction,Var,method,"Var(Arg1 As Variant, [Arg2 As Variant], [Arg3 As Variant], [Arg4 As Variant], [Arg5 As Variant], [Arg6 As Variant], [Arg7 As Variant], [Arg8 As Variant], [Arg9 As Variant], [Arg10 As Variant], [Arg11 As Variant], [Arg12 As Variant], [Arg13 As Variant], [Arg14 As Variant], [Arg15 As Variant], [Arg16 As Variant], [Arg17 As Variant], [Arg18 As Variant], [Arg19 As Variant], [Arg20 As Variant], [Arg21 As Variant], [Arg22 As Variant], [Arg23 As Variant], [Arg24 As Variant], [Arg25 As Variant], [Arg26 As Variant], [Arg27 As Variant], [Arg28 As Variant], [Arg29 As Variant], [Arg30 As Variant]) As Double",,PARTIAL,tests/fixtures/worksheet_functions.json,"The formula engine's function, called as a cell calls it; a range or array given where one value is wanted is not run item by item."
WorksheetFunction,Var_P,method,"Var_P(Arg1 As Variant, [Arg2 As Variant], [Arg3 As Variant], [Arg4 As Variant], [Arg5 As Variant], [Arg6 As Variant], [Arg7 As Variant], [Arg8 As Variant], [Arg9 As Variant], [Arg10 As Variant], [Arg11 As Variant], [Arg12 As Variant], [Arg13 As Variant], [Arg14 As Variant], [Arg15 As Variant], [Arg16 As Variant], [Arg17 As Variant], [Arg18 As Variant], [Arg19 As Variant], [Arg20 As Variant], [Arg21 As Variant], [Arg22 As Variant], [Arg23 As Variant], [Arg24 As Variant], [Arg25 As Variant], [Arg26 As Variant], [Arg27 As Variant], [Arg28 As Variant], [Arg29 As Variant], [Arg30 As Variant]) As Double",,PARTIAL,tests/fixtures/worksheet_functions.json,"The formula engine's function, called as a cell calls it; a range or array given where one value is wanted is not run item by item."
WorksheetFunction,Var_S,method,"Var_S(Arg1 As Variant, [Arg2 As Variant], [Arg3 As Variant], [Arg4 As Variant], [Arg5 As Variant], [Arg6 As Variant], [Arg7 As Variant], [Arg8 As Variant], [Arg9 As Variant], [Arg10 As Variant], [Arg11 As Variant], [Arg12 As Variant], [Arg13 As Variant], [Arg14 As Variant], [Arg15 As Variant], [Arg16 As Variant], [Arg17 As Variant], [Arg18 As Variant], [Arg19 As Variant], [Arg20 As Variant], [Arg21 As Variant], [Arg22 As Variant], [Arg23 As Variant], [Arg24 As Variant], [Arg25 As Variant], [Arg26 As Variant], [Arg27 As Variant], [Arg28 As Variant], [Arg29 As Variant], [Arg30 As Variant]) As Double",,PARTIAL,tests/fixtures/worksheet_functions.json,"The formula engine's function, called as a cell calls it; a range or array given where one value is wanted is not run item by item."
WorksheetFunction,VarP,method,"VarP(Arg1 As Variant, [Arg2 As Variant], [Arg3 As Variant], [Arg4 As Variant], [Arg5 As Variant], [Arg6 As Variant], [Arg7 As Variant], [Arg8 As Variant], [Arg9 As Variant], [Arg10 As Variant], [Arg11 As Variant], [Arg12 As Variant], [Arg13 As Variant], [Arg14 As Variant], [Arg15 As Variant], [Arg16 As Variant], [Arg17 As Variant], [Arg18 As Variant], [Arg19 As Variant], [Arg20 As Variant], [Arg21 As Variant], [Arg22 As Variant], [Arg23 As Variant], [Arg24 As Variant], [Arg25 As Variant], [Arg26 As Variant], [Arg27 As Variant], [Arg28 As Variant], [Arg29 As Variant], [Arg30 As Variant]) As Double",,PARTIAL,tests/fixtures/worksheet_functions.json,"The formula engine's function, called as a cell calls it; a range or array given where one value is wanted is not run item by item."
WorksheetFunction,Vdb,method,"Vdb(Arg1 As Double, Arg2 As Double, Arg3 As Double, Arg4 As Double, Arg5 As Double, [Arg6 As Variant], [Arg7 As Variant]) As Double",,UNASSESSED,,
WorksheetFunction,VLookup,method,"VLookup(Arg1 As Variant, Arg2 As Variant, Arg3 As Variant, [Arg4 As Variant]) As Variant",,PARTIAL,tests/fixtures/worksheet_functions.json,"The formula engine's function, called as a cell calls it; a range or array given where one value is wanted is not run item by item."
WorksheetFunction,WebService,method,WebService(Arg1 As String) As Variant,,MISSING,,
WorksheetFunction,Weekday,method,"Weekday(Arg1 As Variant, [Arg2 As Variant]) As Double",,PARTIAL,tests/fixtures/worksheet_functions.json,"The formula engine's function, called as a cell calls it; a range or array given where one value is wanted is not run item by item."
WorksheetFunction,WeekNum,method,"WeekNum(Arg1 As Variant, [Arg2 As Variant]) As Double",,UNASSESSED,,
WorksheetFunction,Weibull,method,"Weibull(Arg1 As Double, Arg2 As Double, Arg3 As Double, Arg4 As Boolean) As Double",,UNASSESSED,,
WorksheetFunction,Weibull_Dist,method,"Weibull_Dist(Arg1 As Double, Arg2 As Double, Arg3 As Double, Arg4 As Boolean) As Double",,UNASSESSED,,
WorksheetFunction,WorkDay,method,"WorkDay(Arg1 As Variant, Arg2 As Variant, [Arg3 As Variant]) As Double",,UNASSESSED,,
WorksheetFunction,WorkDay_Intl,method,"WorkDay_Intl(Arg1 As Variant, Arg2 As Variant, [Arg3 As Variant], [Arg4 As Variant]) As Double",,UNASSESSED,,
WorksheetFunction,Xirr,method,"Xirr(Arg1 As Variant, Arg2 As Variant, [Arg3 As Variant]) As Double",,UNASSESSED,,
WorksheetFunction,XLookup,method,"XLookup(Arg1 As Variant, Arg2 As Variant, Arg3 As Variant, [Arg4 As Variant], [Arg5 As Variant], [Arg6 As Variant]) As Variant",,PARTIAL,tests/fixtures/worksheet_functions.json,"The formula engine's function, called as a cell calls it; a range or array given where one value is wanted is not run item by item."
WorksheetFunction,XMatch,method,"XMatch(Arg1 As Variant, Arg2 As Variant, [Arg3 As Variant], [Arg4 As Variant]) As Double",,UNASSESSED,,
WorksheetFunction,Xnpv,method,"Xnpv(Arg1 As Variant, Arg2 As Variant) As Double",,UNASSESSED,,
WorksheetFunction,Xor,method,"Xor(Arg1 As Variant, [Arg2 As Variant], [Arg3 As Variant], [Arg4 As Variant], [Arg5 As Variant], [Arg6 As Variant], [Arg7 As Variant], [Arg8 As Variant], [Arg9 As Variant], [Arg10 As Variant], [Arg11 As Variant], [Arg12 As Variant], [Arg13 As Variant], [Arg14 As Variant], [Arg15 As Variant], [Arg16 As Variant], [Arg17 As Variant], [Arg18 As Variant], [Arg19 As Variant], [Arg20 As Variant], [Arg21 As Variant], [Arg22 As Variant], [Arg23 As Variant], [Arg24 As Variant], [Arg25 As Variant], [Arg26 As Variant], [Arg27 As Variant], [Arg28 As Variant], [Arg29 As Variant], [Arg30 As Variant]) As Boolean",,PARTIAL,tests/fixtures/worksheet_functions.json,"The formula engine's function, called as a cell calls it; a range or array given where one value is wanted is not run item by item."
WorksheetFunction,YearFrac,method,"YearFrac(Arg1 As Variant, Arg2 As Variant, [Arg3 As Variant]) As Double",,UNASSESSED,,
WorksheetFunction,YieldDisc,method,"YieldDisc(Arg1 As Variant, Arg2 As Variant, Arg3 As Variant, Arg4 As Variant, [Arg5 As Variant]) As Double",,UNASSESSED,,
WorksheetFunction,YieldMat,method,"YieldMat(Arg1 As Variant, Arg2 As Variant, Arg3 As Variant, Arg4 As Variant, Arg5 As Variant, [Arg6 As Variant]) As Double",,UNASSESSED,,
WorksheetFunction,Z_Test,method,"Z_Test(Arg1 As Variant, Arg2 As Double, [Arg3 As Variant]) As Double",,UNASSESSED,,
WorksheetFunction,ZTest,method,"ZTest(Arg1 As Variant, Arg2 As Double, [Arg3 As Variant]) As Double",,UNASSESSED,,
